product_price,discount_applied,shipping_time,order_quantity,Total_Order_Value,Discount_Percentage,High_Discount,Fast_Shipping,Returned
193.52465823520762,9.256646441930982,7,5,967.6232911760382,4.783187076181559,0,0,0
475.8500101408589,27.095047368917907,3,3,1427.5500304225766,5.694031058420563,0,1,0
368.6770314875885,43.647291793820415,7,3,1106.0310944627656,11.838896396042452,0,0,1
303.3426572565479,36.61124432047806,8,3,910.0279717696437,12.069269997036585,0,0,0
86.44913381679389,40.328057393072484,6,7,605.1439367175573,46.649463809015316,1,0,0
86.4373149647393,32.93916833553587,9,7,605.0612047531752,38.1075792890754,1,0,0
38.460969962417735,34.613828225892625,6,7,269.22678973692416,89.99728363511281,1,0,1
434.4263114297182,42.459782578265965,9,8,3475.410491437746,9.773759429655343,0,0,1
304.54635575417234,12.483400442959297,4,5,1522.7317787708616,4.09901488134562,0,0,0
356.95556312006227,24.471248182157023,8,5,1784.7778156003114,6.855544698129862,0,0,0
20.086402204943198,11.060472090980111,4,4,80.34560881977279,55.06447584853282,1,0,1
485.2558275593772,49.38340039983235,2,7,3396.7907929156404,10.176776371385186,0,1,0
417.8968939922066,47.202966984330665,9,4,1671.5875759688265,11.295362005062175,0,0,0
114.04616423235531,1.971340568425295,5,2,228.09232846471062,1.7285461389204868,0,0,0
99.09423393147931,35.27875862578442,4,4,396.37693572591724,35.60122241842913,1,0,1
99.86820982818257,46.26241587078329,2,8,798.9456786254606,46.323465645749614,1,1,1
159.0786990501735,9.028767256366677,1,9,1431.7082914515615,5.675660732879768,0,1,0
267.13065149979656,28.397261527631475,7,3,801.3919544993896,10.63047664811056,0,0,0
221.65305913463672,45.774414879402094,6,7,1551.571413942457,20.651379709403315,0,0,0
152.70227869704053,1.697298929289942,2,9,1374.3205082733648,1.111508579814557,0,1,0
309.8079184139659,34.871013362342,8,4,1239.2316736558637,11.255688215091805,0,0,1
78.3519917195005,14.867450368627539,4,3,235.0559751585015,18.97520412991273,0,0,0
153.15087778225688,46.21980976882652,8,5,765.7543889112844,30.179265335024585,1,0,0
189.51730321390895,48.552912258268385,7,1,189.51730321390895,25.619250292658773,0,0,0
233.47429226634762,47.213324455671696,5,3,700.4228767990428,20.222065563351492,0,0,0
394.73622108257666,23.71071083287319,8,8,3157.8897686606133,6.006722861116168,0,0,0
107.84015325759627,43.10213254946567,9,8,862.7212260607702,39.96853792159235,1,0,0
261.9748748226697,42.22746992675352,5,4,1047.8994992906787,16.118900698144135,0,0,0
300.2831387424008,15.955023662162782,5,2,600.5662774848016,5.313326525419687,0,0,0
32.760702232798884,41.44577370753387,2,8,262.0856178623911,126.5106389143264,1,1,0
307.6969774317048,1.850381735774631,5,8,2461.5758194536384,0.6013649374197491,0,0,0
93.55682060677285,29.81349392410265,3,4,374.2272824270914,31.8667241263053,1,1,0
41.87528056278696,11.500441864385152,7,3,125.62584168836088,27.463557759670692,0,0,1
474.9539132541333,6.0283442888639405,5,2,949.9078265082666,1.2692482619125949,0,0,1
483.1596962065341,3.847660081460458,8,9,4348.437265858806,0.7963536925099225,0,0,1
406.11470057706595,34.81443879390699,1,1,406.11470057706595,8.572563057785803,0,1,0
159.26074689495164,16.993748188403305,3,7,1114.8252282646615,10.670393376726018,0,1,1
57.859335863128095,36.238338576438075,3,5,289.29667931564046,62.63179145741217,1,1,0
345.2741829909569,3.2678170399471185,9,8,2762.193463927655,0.9464411765859443,0,0,0
225.67472193240465,15.764516891530517,5,4,902.6988877296186,6.985504072650367,0,0,0
69.79873507394163,26.974564618766863,9,7,488.59114551759137,38.646208402188414,1,0,0
252.6366859545224,39.53615824194818,9,5,1263.183429772612,15.649412947518302,0,0,0
26.850375346457014,15.937625146603496,1,5,134.25187673228507,59.35717821801889,1,1,0
455.5669970186032,31.294568821850454,2,9,4100.102973167429,6.869366970534201,0,1,0
136.8021909840083,44.29888741180935,5,9,1231.2197188560747,32.38170901589415,1,0,0
334.63591933345117,30.79315940911523,4,9,3011.7232740010604,9.201988677859502,0,0,0
162.73842728381138,11.647973737681689,9,6,976.4305637028683,7.157482060071738,0,0,0
264.8333303771273,1.220039077826901,7,6,1588.9999822627638,0.46068184699015946,0,0,0
277.888036878207,43.50494369504649,6,5,1389.440184391035,15.655565523359998,0,0,1
100.57868320750825,1.063470542519357,7,9,905.2081488675742,1.0573518250634328,0,0,1
485.0964676046337,43.73508363420997,1,8,3880.7717408370695,9.015749764200551,0,1,0
389.8150834469461,26.4468567013606,1,7,2728.705584128623,6.7844621268894585,0,1,0
470.35448136645266,46.95338492564481,8,7,3292.4813695651687,9.982552901215685,0,0,0
448.4654017095479,39.93916178868327,2,6,2690.7924102572874,8.905739804327242,0,1,1
302.9709896174317,49.89670552666687,9,5,1514.8549480871586,16.46913639806655,0,0,0
461.71837516132723,17.535590772585508,7,4,1846.873500645309,3.797897531467849,0,0,0
53.36132600544055,38.35941444655634,6,3,160.08397801632165,71.88617172415344,1,0,0
106.03160258538115,20.096545680462107,1,3,318.09480775614344,18.95335465129796,0,1,0
32.16137156616365,23.99378101519544,1,6,192.9682293969819,74.60434629112282,1,1,0
169.41186207399952,31.375273160918503,2,4,677.6474482959981,18.520115874302657,0,1,1
200.45187194784617,43.68385570931694,6,6,1202.711231687077,21.792690327522937,0,0,0
142.961025569209,49.20417345996476,6,3,428.88307670762697,34.4178934531667,1,0,0
416.0813794844454,38.41367069322591,2,4,1664.3255179377816,9.232249407753645,0,1,1
184.80913007985873,20.888339108366687,1,9,1663.2821707187286,11.302655393345843,0,1,1
147.65790974681659,21.06785011385351,5,5,738.2895487340829,14.268013240860414,0,0,0
275.92108074754174,36.879115079444574,5,7,1931.4475652327922,13.365820030687575,0,0,0
79.0528702376337,11.938857288415116,2,2,158.1057404752674,15.102370416819522,0,1,0
403.07652056947944,5.523705656569733,6,5,2015.3826028473973,1.3703863595839483,0,0,1
46.5298154030877,17.731107882038827,9,9,418.7683386277893,38.1069809291833,1,0,0
493.57459893425346,14.361949582704087,2,3,1480.7237968027603,2.9097829616262665,0,1,1
388.39993695536214,14.815406022799504,2,9,3495.599432598259,3.814471788779462,0,1,0
107.37068395174448,11.680387552495496,3,6,644.2241037104669,10.878563051479679,0,1,0
12.705837390565176,2.104659481818094,7,4,50.8233495622607,16.564508242336913,0,0,0
409.5760999428687,0.8936967366706905,6,7,2867.0326996000813,0.21820041179047098,0,0,0
356.3600984853324,49.386119486801576,8,8,2850.880787882659,13.858487439169423,0,0,0
367.21351234008375,21.388656686793116,8,6,2203.2810740405025,5.824583237826133,0,0,0
387.92246987611344,19.216332357984083,6,5,1939.6123493805671,4.953652817306765,0,0,0
46.281879349704276,33.982364134653494,3,6,277.69127609822567,73.42477144863528,1,1,1
185.64820698669357,10.912694393253208,3,5,928.2410349334679,5.8781577104245235,0,1,0
66.77583916731356,47.49805919751127,1,8,534.2067133385085,71.13060620398961,1,1,0
432.9206786790408,39.3172507207776,7,1,432.9206786790408,9.081860178346128,0,0,0
315.41608214550337,4.470550115612975,5,7,2207.9125750185235,1.4173500872890443,0,0,0
172.1400321777981,20.87903878924642,4,2,344.2800643555962,12.129101246873885,0,0,0
41.143591640151584,43.95591537810824,4,9,370.2923247613643,106.83538705748805,1,0,0
162.38133764067447,47.23660111457051,4,1,162.38133764067447,29.08991993839712,0,0,1
169.33982779310605,23.370075562493486,6,6,1016.0389667586363,13.800696426269129,0,0,0
367.5070273856514,30.670569460535386,8,9,3307.5632464708624,8.345573601331592,0,0,0
322.40316096405445,8.35169730460376,8,1,322.40316096405445,2.5904514334259003,0,0,0
444.7342438624,49.558431306848824,5,4,1778.9369754496,11.143381017042195,0,0,0
241.38531332935514,11.58358506917217,6,4,965.5412533174206,4.79879447071707,0,0,0
68.60118050976783,47.136588706756285,4,9,617.4106245879104,68.71104601479082,1,0,1
359.48994573926757,32.482332449618426,9,5,1797.4497286963378,9.035672022153674,0,0,1
382.78467382227973,30.386839743942957,8,5,1913.9233691113986,7.938363738682766,0,0,0
285.02582680905317,25.63442555082543,1,6,1710.1549608543191,8.993720266619436,0,1,0
387.77391817773486,11.533490585887934,2,1,387.77391817773486,2.9742821900160905,0,1,0
251.95984221855147,8.826401600275414,9,1,251.95984221855147,3.5030985583088836,0,0,0
266.1390863971771,11.024310453508768,8,9,2395.2517775745937,4.1423116772319775,0,0,0
219.49509899568932,9.321913107212726,3,3,658.485296987068,4.2469800691977175,0,1,0
22.455372104606642,38.97922367833767,8,4,89.82148841842657,173.58529396331497,1,0,0
62.86679922671918,17.506262958336507,1,1,62.86679922671918,27.846594981244287,0,1,0
25.400300986499783,2.8921338281698183,4,9,228.60270887849805,11.386218729089007,0,0,0
321.8411015192524,48.45513150704057,3,8,2574.728812154019,15.055607030397267,0,1,0
164.03443072740006,44.18929424817129,6,2,328.0688614548001,26.939035940330776,0,0,0
259.19963867070436,46.387614159760645,7,8,2073.597109365635,17.896481028159524,0,0,0
454.7075722237856,49.745391132321764,4,7,3182.953005566499,10.940084170808449,0,0,1
132.15319228294874,8.694762460974365,7,6,792.9191536976924,6.579305660931976,0,0,0
211.08763228745858,19.812100945132936,9,1,211.08763228745858,9.385723232781762,0,0,0
380.22005788609385,37.911923785204564,2,7,2661.540405202657,9.971047817935528,0,1,0
122.111101090895,34.80103090268961,3,7,854.7777076362651,28.499481694776467,0,1,1
47.720155816108566,7.694795316992753,5,9,429.4814023449771,16.12483275755624,0,0,0
151.97821192774634,40.79165624953089,3,1,151.97821192774634,26.840463334918102,0,1,0
88.99843075446216,11.222028591833034,8,2,177.99686150892433,12.609243215527583,0,0,0
465.5518496478608,11.190880741131155,8,9,4189.966646830748,2.403788267535793,0,0,0
405.9789859865643,26.84872114467068,8,9,3653.8108738790784,6.613327800557448,0,0,1
320.36784069010747,29.646996742085157,9,6,1922.207044140645,9.254048932696326,0,0,0
437.01568919198166,29.00431039189056,4,6,2622.09413515189,6.636903687718387,0,0,1
403.7993176805661,4.574341869887744,5,4,1615.1972707222644,1.1328255570521724,0,0,1
101.41932885415756,43.87304313151902,5,4,405.6773154166302,43.259054883521344,1,0,1
447.3539092600891,13.280002129435303,8,5,2236.7695463004457,2.9685673589843122,0,0,0
274.27769853866886,6.475746064140209,7,3,822.8330956160066,2.361018084460567,0,0,0
405.64567603039063,44.43740399344886,9,1,405.64567603039063,10.954733803231678,0,0,0
449.08473696251167,47.78257491148767,8,1,449.08473696251167,10.639990847757632,0,0,0
165.8217027362133,43.106380863272534,2,7,1160.751919153493,25.995620688955007,0,1,0
63.92544301856161,40.475803736243904,4,1,63.92544301856161,63.317204895226475,1,0,0
121.68822964555143,32.76209903195109,6,1,121.68822964555143,26.922981070050252,0,0,0
219.2828164268656,27.542868530456964,2,3,657.8484492805968,12.560431765360402,0,1,0
410.8272353020216,4.349337995570507,7,4,1643.3089412080865,1.058678106472924,0,0,1
431.7579857956083,20.422660653534937,3,4,1727.0319431824332,4.730117641229432,0,1,0
13.406543960283445,18.6344258506157,3,2,26.81308792056689,138.99500054465733,1,1,1
260.2661782630072,12.98768918801631,2,1,260.2661782630072,4.990156337137221,0,1,0
214.5313915429017,36.17100568442925,8,3,643.5941746287051,16.86047222473538,0,0,1
118.83282713065782,24.79378675393854,6,4,475.3313085226313,20.864425556986486,0,0,0
68.73402999350458,4.052310795382397,1,3,206.20208998051373,5.895639751903596,0,1,0
175.4314339877777,11.009160097490566,1,8,1403.4514719022216,6.275477459904691,0,1,1
472.0257549171344,34.162938182979794,7,1,472.0257549171344,7.237515713306196,0,0,0
168.36943669017006,3.8065429745150094,8,2,336.7388733803401,2.260827766217292,0,0,1
264.2074046542494,42.56034570243843,5,7,1849.4518325797458,16.108687702426174,0,0,0
354.4792898586372,24.757326350698715,5,4,1417.9171594345487,6.98413900585608,0,0,0
188.17850516585406,24.0293288663324,4,8,1505.4280413268325,12.769433387279689,0,0,0
486.17322053327075,29.62038923297588,6,3,1458.5196615998123,6.092558779869868,0,0,0
481.5991745216345,41.234048296257455,6,6,2889.595047129807,8.561901780088107,0,0,0
133.37332495442843,17.390460395109653,3,9,1200.3599245898558,13.03893443539156,0,1,0
253.65176788726887,33.90080762795318,9,1,253.65176788726887,13.365098106873752,0,0,0
157.43037181021714,28.28659819978955,7,1,157.43037181021714,17.967688111598402,0,0,0
149.57184224495913,13.351413508471065,1,8,1196.574737959673,8.926421783723825,0,1,1
28.07460420372107,43.9314993177579,7,3,84.22381261116321,156.481277523888,1,0,1
308.68652365014947,39.871301080346406,5,5,1543.4326182507473,12.91643723505553,0,0,0
256.3127213821421,32.922591732921276,5,1,256.3127213821421,12.844696726479011,0,0,0
35.224588112494786,42.52908645471209,2,5,176.12294056247393,120.73693046144172,1,1,0
146.5367674759396,43.364710047990116,4,6,879.2206048556376,29.59305762979269,0,0,0
455.05028412366033,35.41814883575174,6,8,3640.4022729892827,7.78334836202999,0,0,1
127.38532642681649,41.8506664181836,7,3,382.15597928044946,32.85360063996619,1,0,1
80.99848732469931,34.87357308346418,5,3,242.99546197409794,43.0545979749797,1,0,0
249.83185253600587,34.00703858801502,9,9,2248.4866728240527,13.61197070862448,0,0,0
492.9687225141943,30.930568910759217,3,4,1971.8748900567773,6.2743471336294805,0,1,0
128.6070830406352,37.63583197788206,1,4,514.4283321625408,29.264198431427374,0,1,1
339.3464182288805,7.930255264653685,4,7,2375.4249276021637,2.336920279295516,0,0,0
383.1936115110716,44.04353795994642,9,2,766.3872230221432,11.49380799598061,0,0,0
126.44239655627584,43.5921763872616,4,8,1011.5391724502067,34.47591755179996,1,0,0
366.8260108198112,1.4623641517279573,2,6,2200.956064918867,0.3986533420734677,0,1,0
190.21373503243407,41.290837528238136,5,3,570.6412050973022,21.707600411293893,0,0,0
319.82985699085395,6.4434933736722595,3,9,2878.4687129176855,2.014662869281939,0,1,1
320.4295582728384,16.755942712957093,9,5,1602.147791364192,5.229212561810479,0,0,0
272.52959519663165,37.17541281458039,4,8,2180.236761573053,13.640871842838983,0,0,0
54.241987326660066,8.03799480241541,6,7,379.69391128662045,14.81876899901991,0,0,0
419.2982228387266,40.89835120595311,2,8,3354.3857827098127,9.754000608221924,0,1,0
167.18223183615055,41.606708897887096,6,7,1170.2756228530538,24.887039992781272,0,0,0
101.39407009592857,25.373386688041812,3,3,304.1822102877857,25.024527237180777,0,1,0
29.97981936183432,0.319293585841679,9,2,59.95963872366864,1.0650283845544257,0,0,0
299.5375421622385,14.351906658745639,2,7,2096.7627951356694,4.791354884982069,0,1,0
342.00653730271836,30.84634591878711,9,3,1026.0196119081552,9.019226989653784,0,0,0
18.128036174649516,49.059308901371175,5,3,54.38410852394855,270.62671559524114,1,0,0
260.9255985666477,31.59067635083342,8,2,521.8511971332954,12.107158716650131,0,0,1
120.98292984698959,12.99017905320799,2,4,483.93171938795837,10.73719992534238,0,1,0
326.13466730063044,31.700285154980566,6,8,2609.0773384050435,9.719998618165695,0,0,0
95.43955021244581,26.999268985792774,3,1,95.43955021244581,28.28939252719983,0,1,0
348.55949167020833,38.99226975755718,5,1,348.55949167020833,11.18668998819001,0,0,0
199.50031968726333,5.349031941347921,8,5,997.5015984363166,2.6812147217272946,0,0,0
468.99769448099994,38.0513951251014,1,5,2344.988472405,8.113343748354596,0,1,0
77.38526263153669,27.063328933805515,5,1,77.38526263153669,34.97220014961407,1,0,0
177.12251201462666,48.149600192949734,3,6,1062.73507208776,27.184348079352876,0,1,0
65.60202540788865,17.093608301934303,4,1,65.60202540788865,26.05652523020851,0,0,0
463.09987295649574,31.631094656697407,2,5,2315.4993647824786,6.830296552395919,0,1,1
439.8962831566807,46.60140527550087,9,9,3959.066548410126,10.59372562575223,0,0,1
136.39139758042626,5.125486399533963,3,5,681.9569879021312,3.757924979477979,0,1,0
333.39218255674774,46.86142436182256,2,6,2000.3530953404866,14.055945764069055,0,1,0
410.43887809859575,34.394286115040664,9,8,3283.511024788766,8.379880160080367,0,0,1
282.04839768373654,3.391852955258595,7,1,282.04839768373654,1.202578345813512,0,0,1
269.52878339444317,15.048178347340812,6,2,539.0575667888863,5.583143350340614,0,0,0
128.50762254122134,35.40860443226408,1,9,1156.568602870992,27.553699719957137,0,1,0
55.620356224890614,3.367530073438585,5,3,166.86106867467186,6.054492099659701,0,0,0
449.6357213971301,29.108523008813663,3,6,2697.814328382781,6.473801262579013,0,1,0
451.2048480100319,17.294152847647837,1,5,2256.0242400501597,3.8328827635432066,0,1,0
320.2197140639013,31.045775888373857,4,2,640.4394281278026,9.695148213822504,0,0,0
176.12459761386333,2.2871016906256427,2,7,1232.8721832970432,1.2985702858154422,0,1,0
181.11269156020384,43.576840307618816,2,4,724.4507662408154,24.06062210893343,0,1,0
365.71828264641726,48.67444845886985,3,1,365.71828264641726,13.309274041934934,0,1,0
449.5840273767628,48.44389276428458,8,4,1798.336109507051,10.775269986112601,0,0,0
444.6723478899075,37.48259158714624,8,6,2668.034087339445,8.429260727592224,0,0,0
392.1390174702357,6.504312006531599,7,7,2744.97312229165,1.6586750404211672,0,0,0
324.595506615601,37.913159796451126,6,7,2272.1685463092067,11.680124654759751,0,0,0
51.228582847573925,1.2293458229400755,9,7,358.60007993301747,2.399726392193757,0,0,1
89.19806990636074,1.1061775764498627,4,3,267.59420971908224,1.2401362244845848,0,0,0
450.2915523782688,16.18051095747706,1,6,2701.749314269613,3.59334099696469,0,1,0
307.15023923319904,24.432159520233288,8,8,2457.2019138655924,7.95446540469192,0,0,0
14.506555292148526,38.52037089038966,7,4,58.026221168594105,265.5376835825268,1,0,0
59.72105600435573,34.16476883032526,7,8,477.76844803484585,57.20724166001596,1,0,1
335.11586686294737,22.295135318837417,3,2,670.2317337258947,6.652963205694906,0,1,0
12.480176084647157,13.681333314083293,4,9,112.32158476182441,109.6245214914377,1,0,0
88.79594519457434,49.856225007885556,9,9,799.163506751169,56.14696132648622,1,0,0
278.8795567896272,21.30906511179865,6,8,2231.0364543170176,7.640956317164956,0,0,0
349.0286468694197,22.569351216483774,5,1,349.0286468694197,6.466332038621327,0,0,1
329.46101715627424,8.181191059583458,3,2,658.9220343125485,2.4832045776459344,0,1,1
119.89196163567429,39.740477437496466,9,6,719.3517698140457,33.146907345013815,1,0,0
358.96781846029256,34.68411128907443,5,5,1794.8390923014629,9.662178475453235,0,0,0
126.25205287343204,11.03848063943802,5,9,1136.2684758608884,8.74320883360536,0,0,1
169.44585209804117,4.119052280792134,4,5,847.2292604902059,2.4308959055597628,0,0,1
375.78078850783186,34.02496510373565,4,2,751.5615770156637,9.054471687827254,0,0,0
328.3201205331352,32.72556071405676,1,4,1313.2804821325408,9.967576967538907,0,1,0
426.1194711421472,13.662976349910466,7,9,3835.0752402793246,3.206372220750433,0,0,0
332.23031722716826,47.543178112520515,9,1,332.23031722716826,14.310306930842811,0,0,1
288.4712156343811,7.552894589045012,3,1,288.4712156343811,2.6182489550769685,0,1,0
55.90063623576531,21.616740052130094,2,7,391.3044536503572,38.66993563536522,1,1,0
190.18074349912243,47.18079600837994,3,3,570.5422304973673,24.8083981271204,0,1,0
139.94916016404548,20.986365846306114,1,2,279.89832032809096,14.99570688506193,0,1,0
129.55492525575096,31.92629738320428,6,9,1165.9943273017586,24.643059551907747,0,0,0
486.7751718286983,19.879719898139715,7,3,1460.325515486095,4.083963408293061,0,0,0
202.6178850867126,13.710760117433502,2,2,405.2357701734252,6.766806450262684,0,1,0
447.1028120367855,49.19888239799141,8,8,3576.822496294284,11.003930432435652,0,0,0
319.2579267386588,20.46670031575215,6,6,1915.5475604319527,6.410710150512873,0,0,0
399.45753873540775,44.70496018395672,4,6,2396.7452324124465,11.191417321971823,0,0,0
256.2921756215442,11.497730294554309,5,7,1794.0452293508092,4.486180768753753,0,0,0
292.68290346691595,10.655235201254165,8,7,2048.7803242684117,3.6405389843546505,0,0,1
251.33366997124332,1.556704144225568,3,6,1508.00201982746,0.6193774771218199,0,1,0
105.6690640210418,32.58334126879425,3,4,422.6762560841672,30.835270067600817,1,1,0
364.0015364781376,18.426317186188058,4,9,3276.0138283032384,5.062153683325116,0,0,0
147.57845759601935,43.21791249198185,1,6,885.4707455761161,29.28470265645843,0,1,0
21.914823551412383,23.66049533457786,9,4,87.65929420564953,107.96571224527595,1,0,0
326.28142499451224,48.40967139573608,8,3,978.8442749835367,14.836784348526825,0,0,0
96.78423290945398,9.276275785156058,8,4,387.1369316378159,9.584490682314373,0,0,0
470.82470633292803,43.43115839778054,6,3,1412.474118998784,9.224485846558283,0,0,0
477.4250027312678,38.829842639587085,7,2,954.8500054625356,8.133181634277241,0,0,0
458.2835512080198,38.5460922322026,6,5,2291.417756040099,8.410970049131464,0,0,0
191.37776312516775,42.239161405844385,9,2,382.7555262503355,22.07109160232921,0,0,0
17.57374209914504,38.05119954714994,3,6,105.44245259487025,216.52303381077346,1,1,0
464.87609566798545,31.31101608157077,3,3,1394.6282870039563,6.735346552198954,0,1,0
219.81023267548403,6.562243884119379,3,6,1318.8613960529042,2.985413283196657,0,1,0
483.6608613313981,1.6263089745625958,3,9,4352.947751982583,0.3362498611290919,0,1,1
482.1737887737339,46.04239239078434,9,1,482.1737887737339,9.548920630438978,0,0,1
427.97463317900645,30.832515726036902,4,6,2567.8477990740384,7.204285800074689,0,0,0
154.279957114097,39.826864548808814,7,9,1388.519614026873,25.81467177836655,0,0,0
198.69788701494338,24.076117575627503,9,4,794.7915480597735,12.116946957677925,0,0,0
427.05696904325987,5.865409448119724,7,2,854.1139380865197,1.3734489478675553,0,0,0
165.29178252657604,6.259289610127522,9,4,661.1671301063042,3.786812335405202,0,0,0
93.05144587618531,34.27826436144857,3,1,93.05144587618531,36.83797069317911,1,1,1
282.8326186045916,21.515294744973133,4,3,848.4978558137748,7.607076882123047,0,0,0
468.7158393387827,10.026236335016836,8,9,4218.442554049045,2.1390863063558605,0,0,1
351.05460037073675,24.579727337071844,6,5,1755.2730018536838,7.001682163148991,0,0,0
289.3299733437888,3.2104468537567046,5,6,1735.9798400627328,1.109614332954704,0,0,0
57.61648194767658,29.09857009571994,4,3,172.84944584302974,50.503899426114394,1,0,0
311.35354108259315,13.449670221754884,8,5,1556.7677054129658,4.31974217315456,0,0,0
495.126386551089,39.87795503185941,1,8,3961.011092408712,8.054096108599264,0,1,0
78.64116746589677,15.518097946178688,9,6,471.8470047953806,19.732791928487337,0,0,0
263.981529658231,22.76100745409006,1,4,1055.926118632924,8.622196970961587,0,1,0
439.9128052446982,0.5810269954050318,8,2,879.8256104893964,0.1320777637017954,0,0,1
372.97662269956015,3.622344389727944,4,9,3356.7896042960415,0.9711987747408535,0,0,0
351.5377130876813,19.62467782033424,9,1,351.5377130876813,5.582524175845513,0,0,1
354.21720115368356,23.996941735856176,5,1,354.21720115368356,6.774640434653727,0,0,1
186.15066409768002,30.001027405965186,3,4,744.6026563907201,16.116529882602276,0,1,0
153.86000368960174,14.583128935465162,9,7,1077.020025827212,9.478180544493727,0,0,0
406.5869661844717,34.74909430632713,9,1,406.5869661844717,8.546534246393229,0,0,0
406.9555633927986,43.00611985946023,4,9,3662.600070535187,10.56776801401046,0,0,1
434.8654361042508,38.99254944466749,4,4,1739.4617444170033,8.966578211867764,0,0,0
457.4878707526709,1.9809412674178573,8,3,1372.4636122580127,0.4330041065698116,0,0,0
260.5577754418595,24.02534736289145,2,1,260.5577754418595,9.220737060004732,0,1,0
255.74298439672782,5.246508920908743,9,4,1022.9719375869113,2.051477163013771,0,0,0
401.16463769371984,12.102250793126373,6,9,3610.4817392434784,3.016779061759219,0,0,0
328.48232608110493,49.333129663357326,9,6,1970.8939564866296,15.018503507301814,0,0,0
353.96376985627467,7.124777145075662,8,6,2123.782619137648,2.0128549167528202,0,0,0
399.93840802368953,24.944407672567802,7,1,399.93840802368953,6.2370623006256185,0,0,1
446.1026174906075,30.907786715905956,1,2,892.205234981215,6.9284029064359185,0,1,0
175.61762685725253,35.1232485272052,3,6,1053.7057611435152,19.999842359647914,0,1,1
194.03564679357257,27.982434174345705,2,2,388.07129358714514,14.421285282757964,0,1,0
56.05115052202581,0.48854237095918296,5,3,168.15345156607742,0.8716009687744158,0,0,1
293.35726908812524,16.323065412199593,5,4,1173.429076352501,5.564227354221826,0,0,0
27.611714160403622,25.885582169235573,5,5,138.0585708020181,93.74855186048754,1,0,0
238.14302888490548,4.393324957241668,4,9,2143.287259964149,1.8448261861005226,0,0,0
275.8958710067125,17.53134656045904,5,4,1103.58348402685,6.354334516311953,0,0,1
150.40521354285937,1.6601554395683282,3,9,1353.6469218857344,1.1037884927408128,0,1,0
299.50829767881527,3.928924857751037,1,3,898.5248930364457,1.3117916559241078,0,1,1
24.94512247013422,19.846163810079805,5,8,199.56097976107375,79.55929594589406,1,0,1
28.300612487115064,6.635787702153017,9,1,28.300612487115064,23.447505615555894,0,0,0
413.0742747232325,28.37704241307791,9,9,3717.6684725090927,6.869719115791235,0,0,0
186.4934142915188,34.47324845686329,4,9,1678.4407286236692,18.484968269697788,0,0,0
72.25965119942354,40.029334955454146,3,2,144.5193023988471,55.39652391205215,1,1,0
265.89919742685413,10.007512212240504,1,4,1063.5967897074165,3.763648897433569,0,1,1
387.2968410183193,8.374129112953488,2,8,3098.3747281465544,2.162199178009146,0,1,0
115.75230347345315,5.228392016720012,8,7,810.2661243141721,4.516879457106529,0,0,0
315.21633315131015,31.821512477181834,1,1,315.21633315131015,10.095134398352027,0,1,1
51.82025784694632,35.32378632434506,8,5,259.1012892347316,68.16597946825273,1,0,0
35.32404337261777,1.5793072412821019,7,7,247.2683036083244,4.4709129830429815,0,0,1
270.3637694683925,46.81061231218449,8,4,1081.45507787357,17.3139368504244,0,0,0
274.9112095889522,2.5985641825736208,6,1,274.9112095889522,0.945237622888859,0,0,0
322.3406517341212,27.06481676505352,9,9,2901.065865607091,8.396339902972464,0,0,0
365.78475352410413,35.453025972545824,3,5,1828.9237676205207,9.692319220792665,0,1,0
488.16751893664195,43.54845618730428,4,2,976.3350378732839,8.920801671148531,0,0,0
262.9871706675857,35.70434660662139,6,8,2103.8973653406856,13.57645945845453,0,0,0
168.24867174121053,40.08640415348959,8,2,336.49734348242106,23.825688333009822,0,0,0
399.6412354366648,16.972509627140305,5,3,1198.9237063099943,4.246936532611664,0,0,0
142.70780311841636,40.74125568732561,3,1,142.70780311841636,28.548723193166424,0,1,0
225.0959961457617,4.005742319233757,6,2,450.1919922915234,1.7795706666589597,0,0,0
48.44362685771032,44.74083280302638,4,7,339.1053880039722,92.35648877909189,1,0,0
22.42186427357418,27.37961880768681,9,2,44.84372854714836,122.11125031184721,1,0,0
481.6977231921833,40.864888498124685,3,6,2890.1863391530997,8.483512902513926,0,1,0
419.63025905098084,22.615914225915006,4,3,1258.8907771529425,5.389486038748078,0,0,0
351.027360985912,32.178884759826246,7,4,1404.109443943648,9.167058849614204,0,0,0
210.38694276299225,26.320133046805662,7,8,1683.095542103938,12.51034531950785,0,0,0
94.91421683471442,36.579476087766594,4,3,284.7426505041433,38.53951210646014,1,0,0
86.65415090883216,4.081499101529479,6,6,519.924905452993,4.710102238291594,0,0,0
132.6190201006517,3.01760419952819,3,1,132.6190201006517,2.275393225826859,0,1,1
279.12106570599906,12.355161700507322,6,7,1953.8474599419933,4.426452610897213,0,0,0
360.15200212303057,7.977234005659417,2,8,2881.2160169842446,2.2149631151944384,0,1,0
333.4967145916883,43.589178329610085,8,8,2667.9737167335065,13.070347149589717,0,0,0
147.16760950351198,10.960699367902215,2,3,441.50282851053595,7.447766125222446,0,1,0
477.8839875249651,48.79326279095657,7,1,477.8839875249651,10.21027363642469,0,0,1
371.56948918092655,16.844789588555344,9,9,3344.125402628339,4.533415707970896,0,0,0
281.63348573058636,9.105895784434964,1,6,1689.8009143835181,3.2332432916538063,0,1,0
309.7431656548326,39.484925357123956,8,9,2787.688490893493,12.747634083757198,0,0,0
215.60403058961705,32.935388775043805,7,7,1509.2282141273195,15.27586876969539,0,0,0
131.38818485556715,24.90978582265695,6,1,131.38818485556715,18.95892377997296,0,0,0
184.42661253911817,27.76817754688156,6,1,184.42661253911817,15.05649166602338,0,0,0
381.34459412754086,35.96008891361319,6,6,2288.067564765245,9.429814783630137,0,0,0
17.052809428580375,11.422737066564936,9,5,85.26404714290187,66.98448788984012,1,0,0
66.87559384838895,49.816695802837096,2,9,601.8803446355005,74.49159392255206,1,1,0
32.54129459065885,48.73965810733915,1,2,65.0825891813177,149.77787061160782,1,1,0
29.957113136295366,32.516284317346845,6,8,239.65690509036293,108.54278304257177,1,0,0
429.17568616539353,9.977122546457256,8,5,2145.878430826968,2.324717561612361,0,0,0
354.7923510962116,34.01141212156457,3,2,709.5847021924232,9.586286743916148,0,1,1
242.34517625278934,3.609920448958792,1,6,1454.0710575167361,1.489578008019973,0,1,0
57.93873871899073,1.5326251102903032,9,8,463.5099097519258,2.645251077562637,0,0,1
250.89177880724785,12.884144425560685,1,4,1003.5671152289914,5.135339422763295,0,1,0
242.0011676824772,23.131147836965816,3,2,484.0023353649544,9.5582794324842,0,1,0
94.86891625590744,43.413625270419026,8,5,474.3445812795372,45.761696226518964,1,0,0
222.58730812660679,36.3584534883154,3,2,445.17461625321357,16.33446839099867,0,1,0
205.26731985471298,37.13532605999905,4,2,410.53463970942596,18.091202285041387,0,0,0
311.7665480455861,21.27466672240377,8,6,1870.5992882735165,6.823909382123003,0,0,0
321.1958889251455,17.296749627348145,1,9,2890.7630003263093,5.385109281824944,0,1,0
32.198964788301815,18.551938149230136,6,4,128.79585915320726,57.61656708904576,1,0,1
193.5601811669709,49.38247818680289,1,6,1161.3610870018254,25.512725752309596,0,1,0
316.6713586999758,2.005459570624124,1,7,2216.699510899831,0.6332936388238881,0,1,0
256.53676670424295,43.35157480612243,8,6,1539.2206002254577,16.898776484581546,0,0,0
429.6800221822779,28.93377042861967,4,8,3437.4401774582234,6.733794669267971,0,0,0
332.75987949328305,21.930770959479524,1,4,1331.0395179731322,6.590569449921384,0,1,0
89.83786926990055,36.262883020756824,7,1,89.83786926990055,40.36480753101121,1,0,0
44.57868622621062,24.333447071235142,5,7,312.05080358347436,54.58538402804696,1,0,1
324.78544632109464,43.67116190408303,5,3,974.3563389632839,13.446157270516407,0,0,0
22.990542165394686,45.035093200562926,1,6,137.94325299236812,195.88530308062786,1,1,0
297.030034823997,21.08604634367277,6,2,594.060069647994,7.098961004454366,0,0,0
470.7128182982292,13.841389861752578,9,9,4236.415364684062,2.9405168764669374,0,0,1
291.9823471591807,29.61751642966811,9,1,291.9823471591807,10.143598309222941,0,0,0
200.20326384119574,45.61816728083455,8,6,1201.2195830471744,22.78592586633331,0,0,0
325.21122703675303,10.533109450283328,5,6,1951.2673622205182,3.2388517291541574,0,0,0
234.54391634084314,31.148329178174137,1,5,1172.7195817042157,13.280382481935224,0,1,0
277.3522267648081,31.578011004626028,9,5,1386.7611338240406,11.385526401922082,0,0,0
471.3177563004973,36.65565112076405,1,1,471.3177563004973,7.7772692903582366,0,1,0
199.1902925223794,6.57838425636299,8,5,995.951462611897,3.3025626766544844,0,0,0
480.98337627371797,35.79124823410443,5,2,961.9667525474359,7.4412651246675,0,0,0
453.6218145584712,45.45162603328205,3,7,3175.3527019092985,10.019717873912652,0,1,0
105.93765604675525,8.984155443512098,7,3,317.81296814026575,8.480606215741613,0,0,0
43.98703742883107,11.877166246193882,7,4,175.9481497153243,27.001514401624725,0,0,0
59.38122067493906,48.56975470208198,9,3,178.14366202481716,81.79312272470698,1,0,0
18.928694569259367,9.048847635474488,7,3,56.786083707778104,47.80492179407883,1,0,0
56.27705077040491,42.71925466847895,3,4,225.10820308161965,75.90883687697479,1,1,0
344.6733189740149,24.613892822401738,1,5,1723.3665948700743,7.1412237232837255,0,1,0
44.882437745512206,12.361553720158852,8,1,44.882437745512206,27.542072893299753,0,0,1
166.29805884394304,43.53749506362557,3,4,665.1922353757722,26.180398837055524,0,1,1
423.98890237503275,22.265262750133274,8,8,3391.911219000262,5.251378662368593,0,0,0
21.403248510554675,25.74086769648451,8,7,149.82273957388273,120.26617213639699,1,0,0
409.0895564685785,17.961668469988286,5,9,3681.8060082172065,4.390644587713373,0,0,0
148.10883963896597,29.64754257174637,1,5,740.5441981948298,20.017402502116692,0,1,0
67.90076553461157,8.176193629251138,7,4,271.60306213844626,12.04138652175199,0,0,0
351.4012110284338,19.554076832588034,5,8,2811.2096882274705,5.564601435310878,0,0,0
318.18199492214313,48.470616116764376,8,9,2863.637954299288,15.233613746316724,0,0,0
439.96128662825595,12.906671635056377,9,7,3079.7290063977916,2.9335925744670877,0,0,0
370.18481146390405,32.83683322706461,7,7,2591.293680247328,8.870389116509298,0,0,0
403.7056558885758,16.259503211234744,7,5,2018.528279442879,4.027563888211272,0,0,0
148.19694055994017,38.67365628433003,1,4,592.7877622397607,26.096123265573063,0,1,0
96.94537645206418,6.543683035917491,4,1,96.94537645206418,6.749866033222425,0,0,0
377.8012283040206,48.491052253927236,2,7,2644.608598128144,12.835070037121737,0,1,1
405.34902224095936,22.68947706918196,2,1,405.34902224095936,5.597516171062631,0,1,1
495.3475195803299,11.802523167323198,2,1,495.3475195803299,2.3826753341416897,0,1,0
212.18266168659898,3.6748373665006326,4,5,1060.9133084329949,1.7319216081512319,0,0,0
192.28886203846375,8.487895254377037,1,9,1730.5997583461738,4.41413775316804,0,1,0
390.4423507635785,25.988697427800883,4,6,2342.654104581471,6.656218869949797,0,0,0
176.99373472397875,16.850158821564314,2,3,530.9812041719363,9.520200727919601,0,1,0
466.0710895457467,41.44416829413047,5,3,1398.2132686372402,8.892241811120224,0,0,0
430.6222484030758,21.544376183090296,3,7,3014.3557388215304,5.003080138795823,0,1,0
220.207073413759,12.435713629381496,8,6,1321.242440482554,5.647281641137549,0,0,0
377.9268232178337,30.8572493302015,4,9,3401.3414089605035,8.164874106439292,0,0,0
379.72600830149435,35.33886084427229,1,6,2278.356049808966,9.306410430600263,0,1,0
60.530695729606975,8.352095395047494,1,5,302.6534786480349,13.798115640957832,0,1,0
452.2509242729877,8.380960814415882,3,7,3165.756469910914,1.8531660997462036,0,1,0
257.57366249945,1.8335713466771486,9,1,257.57366249945,0.7118629012316289,0,0,1
414.9641583927934,36.82010075328203,7,7,2904.749108749554,8.873079760886036,0,0,0
166.82430450499976,33.190226381090255,2,3,500.4729135149993,19.89531829883669,0,1,0
448.8063819631382,23.731543787490693,9,9,4039.257437668244,5.28770194480876,0,0,1
200.70882257973992,42.20852244845986,2,6,1204.2529354784394,21.02972948869289,0,1,1
15.310449225346197,40.28350764750266,3,9,137.79404302811577,263.1112063048678,1,1,0
453.6371684454392,29.267718219837608,2,5,2268.185842227196,6.45179016528443,0,1,1
54.730471625205446,43.41356402566293,3,7,383.11330137643813,79.32247381853247,1,1,0
166.4636824193033,10.292060501838412,6,4,665.8547296772132,6.182766326119032,0,0,0
475.5303638548944,5.595980969886394,9,7,3328.712546984261,1.1767873084954,0,0,0
475.79750199940247,13.487480575849482,9,1,475.79750199940247,2.8347102536630002,0,0,0
290.9845651804102,2.854342804465743,7,7,2036.8919562628712,0.9809258448797973,0,0,0
319.6002339632016,26.5584764000516,3,8,2556.801871705613,8.309905180829595,0,1,0
229.7383057693767,46.830284614748074,4,5,1148.6915288468836,20.384186458552,0,0,0
153.67327813205162,1.9671770334254823,6,2,307.34655626410324,1.2801035139857464,0,0,0
171.04562723125883,6.10549570050134,5,5,855.2281361562941,3.569512883393696,0,0,0
339.5340434777488,22.609951414171764,2,6,2037.2042608664929,6.659111758745776,0,1,0
378.66351942446323,46.69375087639524,6,2,757.3270388489265,12.331198671413034,0,0,0
397.87373142566577,15.807805248837525,3,6,2387.2423885539947,3.9730708514469684,0,1,0
396.9128899693314,25.361740434419623,8,6,2381.477339815988,6.389749760049181,0,0,0
54.69099049385828,2.078642952519605,2,1,54.69099049385828,3.8007045287523793,0,1,1
252.26594930426492,7.417160048104443,1,1,252.26594930426492,2.9402145111381643,0,1,0
38.2037924081557,49.33150614794234,9,3,114.6113772244671,129.12724899377034,1,0,0
279.2691523386304,48.25593482180228,3,3,837.8074570158913,17.279364519031837,0,1,0
226.34994567295473,0.24699904672048079,1,4,905.3997826918189,0.10912264457856827,0,1,0
444.9750495515669,47.590589271161946,7,2,889.9500991031338,10.69511410114396,0,0,0
181.94835615051855,31.95599689077502,5,9,1637.535205354667,17.5632237448406,0,0,0
67.36283804952687,43.39591472600111,5,7,471.5398663466881,64.42114967616912,1,0,0
80.06592420588957,22.736992781692955,1,7,560.461469441227,28.397839664255624,0,1,0
383.1402095415614,25.77980142896251,9,6,2298.841257249368,6.728555444443904,0,0,1
312.9268510249679,24.44232901284601,7,3,938.7805530749038,7.810876226436638,0,0,0
59.55011130016722,33.34321287730522,8,6,357.3006678010033,55.99185652103322,1,0,0
51.212334996348744,6.982562737815645,9,8,409.69867997078995,13.634533044262632,0,0,1
353.4748744149688,1.4986794936338976,6,8,2827.7989953197502,0.423984730488791,0,0,0
45.653873118454825,15.396497079559545,5,9,410.88485806609344,33.72440502388781,1,0,0
412.7114290522745,35.23403813683233,6,1,412.7114290522745,8.537209211225779,0,0,0
356.05869130668316,10.092672606147419,2,1,356.05869130668316,2.8345530814340725,0,1,0
49.860902514530885,33.67162166624587,4,3,149.58270754359265,67.53111148847135,1,0,0
51.57047990174404,48.49560230536352,3,3,154.71143970523212,94.03752378833975,1,1,0
493.45339346557597,4.69503578947092,7,8,3947.6271477246078,0.9514648904321401,0,0,0
193.39268992049895,33.630105911256315,9,1,193.39268992049895,17.389543485372265,0,0,0
191.61465206277654,22.187510965228558,5,2,383.2293041255531,11.579235056596566,0,0,0
408.27178795617624,43.40711271887527,6,2,816.5435759123525,10.631915797114685,0,0,0
474.15180291809077,8.857489472369295,2,3,1422.4554087542724,1.868070398099787,0,1,0
493.14052127320673,34.63129761130823,3,6,2958.8431276392403,7.022602304490408,0,1,1
379.1553107768814,41.90576448240551,3,1,379.1553107768814,11.052400768577254,0,1,0
194.36719691014872,47.230710973701164,9,2,388.73439382029744,24.29973355819644,0,0,0
50.91535118234769,34.16240141448229,7,1,50.91535118234769,67.09646623497387,1,0,0
390.801988804444,24.858738200421364,8,5,1954.0099440222202,6.360954885738974,0,0,0
283.61808237054447,30.892362010060694,9,7,1985.3265765938113,10.892239927671502,0,0,0
217.86878453101838,43.44524922393591,6,8,1742.950276248147,19.941016019094064,0,0,0
454.1136486964206,28.530487331941483,4,1,454.1136486964206,6.282675584369936,0,0,1
64.48676633001415,1.519352984841843,1,7,451.40736431009907,2.356069425262356,0,1,1
251.38630110252097,46.54743477534889,8,5,1256.9315055126049,18.516297256931992,0,0,0
15.563285936035344,34.476337551578055,7,1,15.563285936035344,221.52351176528407,1,0,0
239.64371457712187,33.82566928886233,2,3,718.9311437313656,14.114982881379346,0,1,0
37.5886050841003,10.783757619885858,8,7,263.1202355887021,28.68890078724232,0,0,0
68.22077897135524,32.94427351163286,5,1,68.22077897135524,48.290673323248924,1,0,0
67.5878609207814,19.693220282707923,7,7,473.11502644546977,29.137214899862002,0,0,0
328.11304803687113,32.561648852074605,4,5,1640.5652401843556,9.923911605129323,0,0,0
375.56199084005743,5.3296515153995365,5,1,375.56199084005743,1.419113660431442,0,0,0
295.8506948976082,32.8922652301518,8,1,295.8506948976082,11.11785971688712,0,0,0
481.46454875252556,49.97068628853333,1,1,481.46454875252556,10.378892156859182,0,1,1
193.686583966615,2.4106019430278014,1,9,1743.179255699535,1.244589012651133,0,1,0
149.99892227811176,48.858709211065865,4,3,449.9967668343353,32.57270683617135,1,0,0
435.6135728128355,20.345398036143532,3,5,2178.0678640641777,4.670515178112937,0,1,0
119.56196087453179,43.537672516862955,2,9,1076.0576478707862,36.41431789710387,1,1,0
481.97904432589957,39.11927420291367,3,6,2891.8742659553973,8.116384864330826,0,1,0
15.955692598010007,28.35081304933339,1,9,143.60123338209007,177.6846280735523,1,1,0
485.24062508674314,36.92246046256633,1,8,3881.925000693945,7.609103309510814,0,1,0
31.148356855782296,43.9257780650674,6,8,249.18685484625837,141.02117254032015,1,0,0
446.6601257120548,20.20701608255165,5,1,446.6601257120548,4.52402507395038,0,0,0
268.5735434522869,16.351658078161936,8,9,2417.161891070582,6.088335384034902,0,0,0
496.5527500984572,33.379669278179236,2,6,2979.316500590743,6.722280618033164,0,1,0
46.16031672034544,40.39229709706293,4,9,415.442850483109,87.50437598115478,1,0,1
281.3885993566472,38.11425673883079,8,3,844.1657980699416,13.545060754406297,0,0,0
484.9582424533585,39.89068244293173,6,3,1454.8747273600754,8.225591185156167,0,0,0
266.3179436433729,21.77916574064665,1,6,1597.9076618602376,8.177881461044619,0,1,0
318.40533268627865,40.89171080875108,4,9,2865.647994176508,12.84265890390763,0,0,1
350.9168576024624,6.010452768530422,1,7,2456.418003217237,1.712785418630241,0,1,0
232.72512173620888,27.224454898042477,2,3,698.1753652086267,11.698116084305273,0,1,0
317.5034592411911,0.2879330249060785,5,3,952.5103777235732,0.09068657884679945,0,0,0
296.31401284231913,16.229291495013516,8,2,592.6280256846383,5.477058387937188,0,0,0
451.5674251405846,18.323076743569892,8,9,4064.106826265261,4.05766131998238,0,0,0
32.26872636731436,19.80863458046277,3,3,96.80617910194307,61.38647790117721,1,1,0
147.67196290019285,34.773360334493105,4,5,738.3598145009643,23.547706451220805,0,0,1
475.7016271975138,19.427905063517287,6,9,4281.314644777624,4.084052681924234,0,0,0
446.229254106549,22.43468113112653,3,8,3569.834032852392,5.02761325589148,0,1,0
233.27180886499934,11.877206543716373,2,2,466.5436177299987,5.091573903210066,0,1,0
313.864972922753,18.662589581467003,6,3,941.594918768259,5.946056805153646,0,0,0
145.91677966075503,11.363481363157574,5,2,291.83355932151005,7.787645389088746,0,0,1
102.17936826464305,3.659796188422182,5,8,817.4349461171444,3.581736950010656,0,0,0
237.21221842059126,30.172429669068894,5,6,1423.2733105235475,12.719593396142603,0,0,0
183.14259173276588,33.410639927750815,5,6,1098.8555503965954,18.24296555576883,0,0,0
295.99149480692734,30.974517300480723,3,9,2663.923453262346,10.464664642031398,0,1,0
48.089972112842574,23.17470219002862,7,8,384.7197769027406,48.19030074637898,1,0,0
487.4534557564216,18.989289008961492,6,4,1949.8138230256864,3.8956107059481715,0,0,0
493.2432647950054,43.16668247859126,4,4,1972.9730591800217,8.751600996828932,0,0,1
352.0992398696751,25.954089256810903,2,9,3168.893158827076,7.3712426264871995,0,1,1
272.68721950861897,23.95909388148655,9,1,272.68721950861897,8.786291460472816,0,0,0
161.6685319803006,1.2821032903217844,1,2,323.3370639606012,0.7930444314778644,0,1,1
408.75955965640486,17.06239138130782,4,2,817.5191193128097,4.174187729248492,0,0,0
345.51827455140085,19.009780939292853,1,6,2073.1096473084053,5.501816355147627,0,1,0
89.68230027899673,19.941139044845023,6,4,358.72920111598694,22.235311742461143,0,0,0
456.3543204019828,29.008618461366613,4,3,1369.0629612059483,6.356599940987559,0,0,0
413.0432490323528,26.680127336343922,5,3,1239.1297470970583,6.459402834654278,0,0,0
475.40195751304276,30.39525463967223,5,3,1426.2058725391282,6.393590552020041,0,0,0
365.6025591102964,38.244163077106414,9,6,2193.6153546617784,10.460584075279618,0,0,0
310.573446008537,40.649286935804675,1,8,2484.587568068296,13.088461830277437,0,1,0
214.93908778240325,35.90615381132472,2,7,1504.5736144768227,16.705269470425428,0,1,0
467.0369568434665,47.77618479774674,6,4,1868.147827373866,10.229636883695168,0,0,0
434.3713058552001,0.9116291338180815,5,4,1737.4852234208004,0.20987324013570494,0,0,0
32.157148352032806,9.788899284177305,7,2,64.31429670406561,30.440818871796825,1,0,0
22.919817503653483,0.378143748907106,3,1,22.919817503653483,1.6498549730896803,0,1,0
194.4670497702443,32.37373570773015,3,9,1750.2034479321987,16.64741443137978,0,1,0
407.17113208309814,44.90152744749935,2,2,814.3422641661963,11.027679496280092,0,1,1
493.7653033643228,12.174114828814965,3,8,3950.1224269145823,2.4655670914633587,0,1,0
83.7042766407288,46.35172723981533,1,9,753.3384897665593,55.37557828587879,1,1,0
301.1240505225462,3.0133695144780424,5,4,1204.4962020901849,1.0007070206610484,0,0,1
196.63651974920054,46.72180134027572,5,8,1573.0921579936044,23.760490370693553,0,0,0
485.25805492915555,17.58113436198172,7,9,4367.3224943624,3.623048434414643,0,0,0
422.63827233649727,5.071041422460826,4,5,2113.1913616824863,1.1998538122035833,0,0,0
420.7810653084575,24.29358795931628,3,7,2945.4674571592027,5.773450842306232,0,1,1
239.65964829953543,12.838828386025398,1,4,958.6385931981417,5.357108915548002,0,1,0
213.26155614545593,14.243645098096142,8,1,213.26155614545593,6.678955811604978,0,0,0
143.96946524604604,15.364498246314328,3,3,431.9083957381381,10.67205342470097,0,1,0
37.62399335895429,40.15129489163317,2,5,188.11996679477144,106.71726020299597,1,1,0
433.71396436497605,26.958063833762726,4,3,1301.141893094928,6.215631971461531,0,0,0
408.321494473738,15.565384957800182,3,7,2858.2504613161664,3.812041533072244,0,1,0
499.86165991020397,30.51668916554592,1,9,4498.754939191836,6.105026973068507,0,1,0
498.35205016621364,35.80753371115968,3,6,2990.1123009972816,7.185188402298519,0,1,1
282.16153574528744,13.631200036676688,2,1,282.16153574528744,4.830991581000548,0,1,0
386.80383343845017,20.677455076267577,8,7,2707.6268340691513,5.345721342122598,0,0,0
472.93520764238974,6.0943046668473775,6,3,1418.8056229271692,1.288613021057969,0,0,1
426.3272214319316,9.057467476734015,9,5,2131.636107159658,2.1245341656374035,0,0,0
131.20056985416687,34.05589269824914,8,4,524.8022794166675,25.957122546116395,0,0,0
230.76662630194582,9.071917384781347,3,5,1153.8331315097291,3.931208567789706,0,1,0
73.28811342423253,26.258169183353008,5,5,366.44056712116264,35.82868756814091,1,0,1
477.485003356774,35.452313086121634,7,6,2864.9100201406436,7.424801373213365,0,0,0
307.02557088093124,5.343846154737192,5,6,1842.1534252855874,1.7405215270520933,0,0,0
122.03497469669674,28.365610981445176,8,8,976.2797975735739,23.243837311348237,0,0,1
339.1333353588698,12.828139185068189,5,8,2713.066682870958,3.7826240736533596,0,0,0
312.88283782436895,48.14634376187899,1,9,2815.9455404193204,15.387978483148718,0,1,1
185.49973183609185,24.177282335996235,5,8,1483.9978546887348,13.033594225009102,0,0,1
65.64322017781822,40.299627488757906,4,2,131.28644035563644,61.39191127368812,1,0,0
339.0708658404718,27.511327107813088,6,1,339.0708658404718,8.113739598245752,0,0,0
264.9507734428587,2.170626642740958,3,2,529.9015468857174,0.8192565790750908,0,1,0
388.43601195046324,31.657568779701116,5,2,776.8720239009265,8.150008703039195,0,0,0
264.88011554487673,47.570167110332854,2,3,794.6403466346302,17.959131062925476,0,1,0
427.56893515608465,30.08059100731656,6,7,2992.9825460925927,7.035261108559161,0,0,0
280.4343509994979,40.95944297133951,6,2,560.8687019989958,14.605715321734195,0,0,1
284.85960605233925,44.21032316742039,5,1,284.85960605233925,15.520039425771486,0,0,0
439.5602653025891,11.403988597446624,6,6,2637.3615918155347,2.5944084344375913,0,0,0
207.70660444407454,10.602241995411333,7,9,1869.359439996671,5.104431813224316,0,0,1
75.66746194081396,30.549049442549585,5,3,227.0023858224419,40.37276876875377,1,0,1
24.103511393536095,20.551423490335235,1,6,144.62106836121657,85.26319321195072,1,1,0
380.0172552800733,41.99306514333602,8,3,1140.05176584022,11.050304837444044,0,0,1
313.9516801631977,45.00115616990056,4,1,313.9516801631977,14.333784150003007,0,0,0
354.99908636861954,17.671068965135905,9,5,1774.9954318430978,4.977778716530791,0,0,1
114.35243913936625,11.843527948724104,6,4,457.409756557465,10.357040075279798,0,0,0
76.82202303751718,39.026275762193094,1,7,537.7541612626203,50.800895653495125,1,1,0
17.126886177262143,13.740301777406804,3,6,102.76131706357286,80.22650255975071,1,1,0
181.7879038152325,41.13071592568392,3,7,1272.5153267066275,22.62566158829181,0,1,0
299.05966655877023,21.18691268243814,4,5,1495.2983327938512,7.084510233771213,0,0,0
202.19958209886883,33.37749496457352,6,4,808.7983283954753,16.507202743996295,0,0,0
224.36271179162725,4.776765691733409,7,7,1570.5389825413909,2.129037242235574,0,0,0
453.0377603019367,31.19296623382865,4,7,3171.264322113557,6.885290579981551,0,0,1
180.64517884141716,22.588383936861455,6,6,1083.871073048503,12.50428275015914,0,0,0
261.8548496883073,29.330423158773705,1,8,2094.8387975064584,11.20102346536124,0,1,0
393.98997624316013,8.400710387243171,8,4,1575.9599049726405,2.1322142424401367,0,0,0
204.30596333742238,36.843687247209104,7,5,1021.5298166871119,18.033583868699786,0,0,0
314.822483111658,43.13985387716143,9,4,1259.289932446632,13.702913924943863,0,0,1
432.55821728590513,10.836990004538782,3,1,432.55821728590513,2.5053251958859284,0,1,1
475.26510559224465,4.785727776008086,2,8,3802.120844737957,1.0069596357267638,0,1,0
82.0660056552286,1.1819293023168198,1,1,82.0660056552286,1.440217898848738,0,1,0
464.0279363291323,32.0985750221633,3,5,2320.1396816456613,6.917379862102951,0,1,0
251.1369836089737,30.35470180443904,5,6,1506.8219016538424,12.086910246442251,0,0,0
136.5397502664896,27.334870635703503,2,6,819.2385015989375,20.019716296794922,0,1,1
234.97652055674803,11.597354805798771,3,5,1174.8826027837401,4.935537720245522,0,1,0
490.2159618898838,19.545299795275735,4,3,1470.6478856696513,3.9870794333021244,0,0,0
251.38286605650612,29.72381675930865,7,5,1256.9143302825305,11.824121995898997,0,0,0
171.08828904087903,24.83834294295847,3,8,1368.7063123270323,14.517851035978104,0,1,0
320.36641861519564,49.38927601074437,9,2,640.7328372303913,15.416495968657602,0,0,1
127.6713532013146,6.8219876278366565,8,6,766.0281192078876,5.343397290604117,0,0,0
47.17303077324532,34.75722770237969,4,9,424.5572769592079,73.68029387268585,1,0,0
73.15106373621812,20.215938405214608,1,8,585.208509889745,27.635877556221256,0,1,0
72.7424610893085,21.409980746280738,1,8,581.939688714468,29.432576827439128,0,1,0
84.43231982102424,35.87988828290881,1,8,675.4585585681939,42.49544292868578,1,1,0
78.02531459821097,34.62180756621848,1,7,546.1772021874767,44.372531843674636,1,1,0
324.02862495357516,49.56279968510942,8,8,2592.2289996286013,15.295809032986044,0,0,0
99.12124135558096,6.419714472706262,3,6,594.7274481334857,6.47662840467928,0,1,0
179.37696882869298,5.205482469208317,6,2,358.75393765738596,2.9019792803944693,0,0,0
449.4263208539458,36.216940856437056,3,2,898.8526417078916,8.058482375402933,0,1,0
242.24120372880745,28.919345850320454,5,8,1937.9296298304596,11.938243950726104,0,0,0
337.10329187530334,13.708033327990293,7,1,337.10329187530334,4.0664193018503605,0,0,0
94.43673688879862,3.9709684494493303,2,6,566.6204213327917,4.20489798808406,0,1,0
104.22161921624868,4.282912479821527,6,6,625.3297152974922,4.109428074548471,0,0,0
30.025621970574644,44.70954373320591,6,4,120.10248788229858,148.90463810215698,1,0,0
92.77818090536063,9.593366235937145,3,3,278.3345427160819,10.340110295677126,0,1,0
146.50926612565974,16.16857810577604,6,3,439.5277983769792,11.03587406676953,0,0,0
96.73513729560594,11.3328201113494,5,1,96.73513729560594,11.715308861058677,0,0,0
53.464241540957254,17.749815291596864,2,3,160.39272462287175,33.199414749013684,1,1,0
69.1115768392944,3.4711921373046684,9,4,276.4463073571776,5.022591432657157,0,0,0
235.78159633603562,25.95298954541352,8,5,1178.9079816801782,11.007215978139936,0,0,0
111.10352201883833,3.380628179610745,3,3,333.310566056515,3.0427731886281135,0,1,0
188.49223191355696,40.01782539111808,8,6,1130.953391481342,21.230490500781148,0,0,0
256.6744627188799,11.68560409552165,9,5,1283.3723135943997,4.552694479902424,0,0,1
348.293466028389,27.00059573022553,3,3,1044.880398085167,7.75225445315266,0,1,0
29.26294852213848,44.00395437807291,3,6,175.57769113283086,150.37430129360453,1,1,0
401.7110954654309,32.54386845235971,2,6,2410.2665727925855,8.101311818299093,0,1,0
317.6711908505448,26.647889327566766,8,8,2541.3695268043584,8.388513058492558,0,0,0
50.06192565494723,16.21668765576878,1,2,100.12385130989446,32.39325583986243,1,1,0
438.05352581232086,16.650095652909897,8,1,438.05352581232086,3.800927209074319,0,0,0
461.22747626058845,33.474347759909506,7,4,1844.9099050423538,7.257665573461384,0,0,1
39.928200328883236,49.706968061058376,7,7,279.49740230218265,124.49088025913699,1,0,0
145.67004759212983,33.09195949246893,3,3,437.0101427763895,22.717065065513715,0,1,1
405.03862709860005,27.889170868501246,1,3,1215.1158812958001,6.885558315333733,0,1,0
376.6472482879926,36.532525511962305,4,5,1883.2362414399631,9.69940061370865,0,0,0
100.4152994846249,23.26028061418591,9,5,502.07649742312447,23.164080308048487,0,0,0
112.58116843498804,3.0071171300392607,5,3,337.7435053049641,2.6710658379565255,0,0,0
191.53133036777717,28.11484079389549,1,9,1723.7819733099946,14.678977449751725,0,1,0
247.41626274360044,47.88126422526901,5,4,989.6650509744018,19.352512924701625,0,0,0
312.94483804984503,8.765147117882982,8,3,938.8345141495352,2.800860104452943,0,0,0
190.76768338918848,34.50024454103329,8,2,381.53536677837695,18.084952298051835,0,0,1
236.64201090524247,10.046684432952823,5,9,2129.7780981471824,4.245520224629841,0,0,1
376.2607596855407,26.791384223654063,9,4,1505.0430387421627,7.120430056550388,0,0,0
27.97476941639297,4.8338224823359806,1,3,83.9243082491789,17.27922189593957,0,1,0
133.69410272857016,22.518546812909257,4,7,935.858719099991,16.843335908859867,0,0,0
359.5412970834307,37.80816644476231,3,8,2876.3303766674458,10.515667254765733,0,1,0
448.65135046672765,17.378576211949103,2,2,897.3027009334553,3.87351474454949,0,1,0
260.7219466366764,33.2455862243609,8,7,1825.053626456735,12.751357012031514,0,0,0
270.73560778000467,39.77249803948646,7,5,1353.6780389000232,14.690530870917037,0,0,0
62.514285556490265,46.358890973972635,9,5,312.57142778245134,74.15727551118056,1,0,0
229.23205974349278,11.732104092772676,2,3,687.6961792304784,5.118003173683787,0,1,1
270.98246056296136,19.965795790465407,4,5,1354.912302814807,7.367929182201244,0,0,0
128.81054678101754,7.620800666520871,6,2,257.62109356203507,5.916286249041781,0,0,1
141.92918316519666,49.62417510791876,3,4,567.7167326607866,34.964039108263826,1,1,0
194.8692399212651,46.35004839621477,8,6,1169.2154395275907,23.785205102119775,0,0,0
19.83488691108592,26.99785651402798,3,1,19.83488691108592,136.11298433437804,1,1,0
167.81879113575735,42.10166471882106,2,4,671.2751645430294,25.08757477865684,0,1,0
113.60952342830687,26.04789886360211,3,6,681.6571405698412,22.927566349699198,0,1,0
170.47370256717818,31.179284400137984,6,9,1534.2633231046036,18.28979128780947,0,0,0
68.6834445914331,4.456221605800831,2,2,137.3668891828662,6.488057831561722,0,1,0
446.35836756254855,37.763521024840394,8,7,3124.5085729378397,8.460359157386819,0,0,0
300.86030224148385,6.3856741817617415,1,6,1805.161813448903,2.1224715039461457,0,1,0
342.7601363807999,41.303381512626416,7,2,685.5202727615998,12.050229046104462,0,0,0
396.69390691759577,39.101404383519295,2,8,3173.551255340766,9.856820006978765,0,1,0
254.23667747523805,35.43723488714882,6,7,1779.6567423266663,13.93867920202045,0,0,0
52.59094116283761,1.8080190262381057,2,5,262.95470581418806,3.437890606749035,0,1,0
273.18220549108844,15.15641779726643,2,5,1365.9110274554423,5.548098482483645,0,1,0
297.55214783023075,13.155628495542143,8,7,2082.8650348116153,4.4212850054935995,0,0,1
375.2653423503217,18.006820373575955,2,9,3377.388081152895,4.798423499702255,0,1,0
221.5131776525429,4.382137338191927,7,9,1993.6185988728862,1.9782738817758192,0,0,0
72.51434836982625,46.84789115155314,3,9,652.6291353284363,64.60499501785068,1,1,0
149.05019384137498,27.690112035618814,8,6,894.3011630482499,18.577709509782796,0,0,0
187.9103252353312,15.276215532901178,7,6,1127.4619514119872,8.129524289721639,0,0,0
326.4994482524846,19.849075853714172,8,3,979.4983447574539,6.079359692627941,0,0,0
289.6813692877668,22.360127025241784,7,1,289.6813692877668,7.718869556650514,0,0,0
184.48739568994466,30.029716668030865,6,7,1291.4117698296127,16.27738120304964,0,0,0
493.39247190856,25.783971384824888,7,4,1973.56988763424,5.225854234274455,0,0,0
306.8296614848747,45.96959866072087,5,1,306.8296614848747,14.982123448644147,0,0,0
126.24112795063729,24.848174145291512,7,8,1009.9290236050983,19.68310529909684,0,0,0
59.873411583997836,49.607900741165636,1,6,359.240469503987,82.85464186648113,1,1,1
84.9009782003227,42.571247887254785,1,6,509.4058692019362,50.1422348595425,1,1,0
130.519286908409,10.42552571786679,9,2,261.038573816818,7.987728070551619,0,0,0
88.73387289718228,46.52976073219581,5,1,88.73387289718228,52.437428022679434,1,0,0
101.41784178513983,5.818319894273804,5,2,202.83568357027966,5.736978614276063,0,0,0
149.69663265998508,40.87248542455958,3,4,598.7865306399403,27.303543639084854,0,1,1
94.95306169442986,19.031164673829004,5,2,189.90612338885973,20.04270776973315,0,0,0
449.41505806694835,43.898716022253474,3,1,449.41505806694835,9.767967324253291,0,1,1
49.31453537420468,43.40283450537252,9,7,345.20174761943275,88.012254756182,1,0,1
267.0105808894248,40.296270005881055,9,8,2136.084647115398,15.091637893768961,0,0,0
211.09444522493413,39.50152181535307,6,6,1266.5666713496048,18.71272442686105,0,0,0
491.36552228521714,15.23395695490204,1,4,1965.4620891408686,3.100330866531446,0,1,0
64.89906206234565,4.045964152562609,7,6,389.3943723740739,6.234241334144137,0,0,1
204.9492435324134,20.149008938258074,7,3,614.8477305972401,9.831218984261069,0,0,0
485.04051230493076,8.676225749325434,4,8,3880.324098439446,1.7887631093113612,0,0,0
434.09849168805033,34.747554445123086,8,2,868.1969833761007,8.0045324069205,0,0,0
410.36531476514716,17.304986326889278,6,5,2051.826573825736,4.21697100223808,0,0,0
136.37238525202054,48.78051004299574,4,1,136.37238525202054,35.770079076381776,1,0,0
93.73491782113226,32.0486038672666,4,6,562.4095069267935,34.19067793756719,1,0,0
337.6351777629712,41.124028181718046,2,2,675.2703555259424,12.180018816223054,0,1,1
465.39423467251703,6.6262336370924215,2,4,1861.5769386900681,1.4237893689755503,0,1,1
282.8138175768256,43.10072411363113,4,6,1696.8829054609537,15.23996404522312,0,0,1
290.09021784025094,46.13785952566972,5,8,2320.7217427220075,15.90465885722395,0,0,0
147.18975589353926,24.353095940946794,8,8,1177.518047148314,16.545374230093245,0,0,0
387.0515372640491,30.312646887548873,6,6,2322.3092235842946,7.831682339209878,0,0,0
101.65143679318645,38.24049004514977,4,4,406.6057471727458,37.61923220323136,1,0,0
168.6028258380794,8.741931363020628,7,8,1348.8226067046353,5.184925768335632,0,0,0
218.46385492204422,25.12830382317212,8,8,1747.7108393763538,11.502270630598735,0,0,0
258.729085555383,19.933151388615656,2,1,258.729085555383,7.704256112461236,0,1,0
128.78076888338933,7.318699608112455,7,4,515.1230755335573,5.683068731123604,0,0,1
66.27004412220973,18.376721114576572,2,4,265.0801764888389,27.730057159291675,0,1,0
309.20382079639995,3.4086154692746784,2,7,2164.4267455747995,1.1023846537521067,0,1,0
151.42897108772533,1.2905953474743492,8,7,1060.0027976140773,0.8522776970641145,0,0,0
294.80672849708003,6.758314457741138,2,8,2358.4538279766402,2.292455973510142,0,1,0
85.63773048435914,48.15575557945869,9,5,428.1886524217957,56.23193808043973,1,0,0
245.75864990886058,27.476476794750848,1,7,1720.310549362024,11.180268448309135,0,1,1
270.96882195027706,48.291108057661,9,8,2167.7505756022165,17.821647416883422,0,0,1
35.39353304298918,21.6248939165066,1,9,318.54179738690266,61.09843255896743,1,1,1
174.93609631502108,15.590806654262979,2,3,524.8082889450632,8.912286819403697,0,1,1
75.86319170009737,25.307093142012206,6,3,227.5895751002921,33.35885635033165,1,0,0
41.053735531656194,21.975584431645505,6,4,164.21494212662478,53.52883031728091,1,0,0
495.08051387107315,5.283234213087196,1,5,2475.402569355366,1.0671464671023256,0,1,0
167.95338403761426,32.04131573451031,7,1,167.95338403761426,19.077505295954296,0,0,0
406.8384784687711,10.80190912547998,8,7,2847.8693492813977,2.655085420173484,0,0,0
134.77392083424428,30.97939774489148,2,9,1212.9652875081986,22.986196107622643,0,1,0
343.93633388972535,32.51005461990767,8,8,2751.490671117803,9.452346674815464,0,0,0
382.5116513459464,7.601242656432405,9,5,1912.558256729732,1.98719245013475,0,0,0
301.8629828978437,3.067481355533408,6,4,1207.451931591375,1.0161833445379762,0,0,0
241.0723323895776,39.03807930342199,5,7,1687.5063267270432,16.19351292471659,0,0,0
211.80204793216157,22.99002118846601,9,5,1059.0102396608079,10.854484842294594,0,0,0
180.9454506060677,2.9081897752737893,9,7,1266.618154242474,1.6072190627246796,0,0,0
465.46928068143467,49.74331585848836,1,1,465.46928068143467,10.68670219991005,0,1,0
417.0035098159873,2.889028049818332,3,1,417.0035098159873,0.6928066507385475,0,1,0
482.86318622659115,34.75176144292766,9,3,1448.5895586797735,7.197020281148508,0,0,0
70.90563950791692,49.18394626317068,2,2,141.81127901583383,69.36535176116575,1,1,0
368.1250628497857,11.959005210796281,4,2,736.2501256995714,3.248625648636203,0,0,0
469.78682384230854,7.112468434359808,4,7,3288.50776689616,1.5139778455658055,0,0,0
98.80420242117347,6.069246971121444,2,2,197.60840484234694,6.142701243870191,0,1,0
42.58317100972097,15.163757378379778,3,4,170.33268403888388,35.6097421089617,1,1,0
373.14911815212895,5.052290550532335,3,2,746.2982363042579,1.3539602010991671,0,1,0
291.4918254581568,34.6080670847066,1,6,1748.9509527489408,11.87274018072748,0,1,0
422.4961006115533,3.1145899065031344,6,8,3379.9688048924263,0.737187846703162,0,0,0
78.48846454688186,25.471106407489486,8,4,313.95385818752743,32.452038085514296,1,0,0
399.6809828113462,49.83484269264884,3,5,1998.404914056731,12.468654961292325,0,1,0
108.79738682339482,40.69851347530094,5,4,435.18954729357927,37.40762040669666,1,0,0
90.19141200419521,30.760971911550545,1,3,270.57423601258563,34.10632035577812,1,1,0
90.49024098618654,15.312681039330583,7,5,452.4512049309327,16.9219143108129,0,0,0
409.14161291337723,31.194791814581922,1,9,3682.274516220395,7.6244485601092915,0,1,0
335.94663814113807,26.35207319558258,9,8,2687.5731051291045,7.844124692360081,0,0,0
266.3020581368685,21.304169194518575,8,8,2130.416465094948,8.000001706171227,0,0,0
185.82693722051621,6.535518837009974,7,8,1486.6154977641297,3.516992172805623,0,0,0
439.82826499842304,44.330210762023334,7,8,3518.6261199873843,10.078981795811208,0,0,0
202.29810263709135,22.489232441066125,5,7,1416.0867184596395,11.116877591981293,0,0,0
410.13372534107276,9.731125591038253,5,8,3281.069802728582,2.372671397102425,0,0,0
225.17610519940703,18.38796754386448,5,8,1801.4088415952563,8.16603854462303,0,0,0
194.70277041820472,20.70648762644635,1,8,1557.6221633456378,10.634921928419717,0,1,0
236.71309497810716,41.37689477834371,8,7,1656.9916648467502,17.479765866848442,0,0,1
157.67515834042962,36.6807190280701,1,1,157.67515834042962,23.263473722902088,0,1,0
376.32859628636305,38.46524468206699,4,4,1505.3143851454522,10.22118570356989,0,0,0
256.3329911453148,0.5515632214323607,9,4,1025.3319645812592,0.21517449586490422,0,0,0
123.78422062194048,20.807699908988077,9,5,618.9211031097024,16.809654578299263,0,0,0
450.7915409045385,24.06720758176618,5,6,2704.749245427231,5.33887737411265,0,0,0
198.1066984728736,0.9596138411528343,4,4,792.4267938914944,0.4843924251679115,0,0,0
276.3409019458544,12.99066043725171,3,2,552.6818038917088,4.700954634575619,0,1,0
454.171334372628,38.01449115610675,3,6,2725.028006235768,8.37007716671909,0,1,1
315.8766179978561,6.8554852864499525,5,8,2527.012943982849,2.170304763265663,0,0,0
67.2800399470984,26.765506572629583,1,8,538.2403195767872,39.782239418518515,1,1,0
470.5177405706028,10.760093600861875,5,7,3293.62418399422,2.2868624651246887,0,0,1
317.57694600499474,0.6060387321946636,6,6,1905.4616760299684,0.1908320927631605,0,0,0
174.1037511819722,12.060072879977074,7,2,348.2075023639444,6.926946029653294,0,0,1
78.24331560505976,48.79368774550269,9,7,547.7032092354184,62.361477614002524,1,0,0
399.072342742445,40.07685559414948,3,5,1995.361713712225,10.042503902610573,0,1,1
313.8356504049716,47.97883221605167,2,6,1883.0139024298296,15.287884647311445,0,1,0
271.39593506839753,24.392702196318123,3,8,2171.1674805471803,8.987865713674246,0,1,0
448.0073656949692,5.4868099338751755,9,8,3584.058925559754,1.2247142243663312,0,0,1
396.4126335000201,27.397974448684646,7,3,1189.2379005000603,6.911478629422454,0,0,0
84.32069106904808,22.718866727998044,9,7,590.2448374833366,26.943406701202367,0,0,0
162.74381321981863,42.2178541369808,2,1,162.74381321981863,25.941295894275868,0,1,0
131.75967850908822,4.904129039212229,5,1,131.75967850908822,3.7220256566381678,0,0,0
374.5336833606117,24.41205685108891,4,7,2621.735783524282,6.517987015759083,0,0,0
26.430893020531897,7.502433234699213,2,9,237.87803718478708,28.385091751804282,0,1,0
289.2459455869451,16.233796344503,9,7,2024.7216191086156,5.612454242551602,0,0,0
383.60475601293837,36.86785386938998,9,5,1918.023780064692,9.610895926469299,0,0,0
439.61516201325725,23.800906468438328,6,8,3516.921296106058,5.414032209316879,0,0,0
177.62005687079466,18.794414257288466,6,2,355.2401137415893,10.581245490175696,0,0,0
412.4160792892863,19.723813928501766,8,9,3711.7447136035767,4.782503621704487,0,0,0
64.20955110805154,22.97233842029933,6,6,385.2573066483093,35.777135992808276,1,0,0
424.76162294991394,39.25082719185284,1,9,3822.8546065492255,9.240671725298764,0,1,0
72.46944454267138,44.60423444701172,4,2,144.93888908534277,61.54902211337897,1,0,0
204.67077237457997,47.76673432519642,7,3,614.0123171237399,23.3383270952707,0,0,0
400.6747292319813,39.34516931276475,2,8,3205.3978338558504,9.819728184051463,0,1,0
83.45953940089915,15.770344787400637,9,1,83.45953940089915,18.89579657473012,0,0,0
122.33318366399433,34.40673530432711,8,7,856.3322856479604,28.1254311167362,0,0,1
363.9037585126025,21.880156202769598,8,7,2547.3263095882176,6.012621659144489,0,0,0
362.8179029075764,12.733531102302559,7,1,362.8179029075764,3.5096203909061994,0,0,0
324.16234011379566,42.04357897129613,4,9,2917.461061024161,12.969914690440884,0,0,0
350.034737788879,1.9213174481162498,2,8,2800.277902311032,0.5488933641994924,0,1,0
275.9349772403221,45.08809960677117,3,4,1103.7399089612884,16.340117537003024,0,1,1
133.38153886440685,23.073873231236707,6,5,666.9076943220342,17.2991505628775,0,0,0
179.39103681692052,31.86007384041402,5,2,358.78207363384104,17.760125815499446,0,0,0
98.98288123269857,32.96769611028913,8,9,890.8459310942872,33.30646238998183,1,0,1
455.1407750534779,44.75588703532682,6,6,2730.8446503208675,9.833416272156262,0,0,0
295.861979435399,31.833484108360366,6,3,887.585938306197,10.759572476703164,0,0,0
206.41719421418355,30.69667923800309,1,7,1444.9203594992848,14.871183263033533,0,1,0
236.38284378562503,3.332602028034498,4,9,2127.4455940706252,1.4098324458169333,0,0,0
474.1688364097895,25.920401097260203,5,3,1422.5065092293685,5.466491913200954,0,0,1
85.1421875268793,7.5084500408520825,3,2,170.2843750537586,8.818718732686628,0,1,1
297.25261768823066,36.87168843607428,9,7,2080.7683238176146,12.404159372196562,0,0,0
257.88545265338837,25.611096040633726,1,7,1805.1981685737187,9.931190680637728,0,1,0
309.61257536297745,34.01138896041766,6,4,1238.4503014519098,10.985144553816674,0,0,1
18.87399007221185,2.0836450301192135,6,9,169.86591064990665,11.039769662626671,0,0,0
437.34071538263424,4.239600802290161,5,8,3498.725723061074,0.9694045519134634,0,0,0
466.73795841697006,35.81616940313411,5,1,466.73795841697006,7.673721144217928,0,0,1
286.9152599587124,3.6042167999336683,5,1,286.9152599587124,1.2561955751159144,0,0,0
351.3589036996772,3.56283638826293,6,5,1756.7945184983862,1.0140162525405223,0,0,0
462.02469677687486,0.6054237617443725,8,6,2772.148180661249,0.13103709952473586,0,0,0
356.5469308135653,47.82506991497401,2,3,1069.640792440696,13.413401093047478,0,1,1
84.74413102798806,36.875417972950345,6,9,762.6971792518925,43.513831017715745,1,0,0
292.38129648173845,17.66257042510321,1,6,1754.2877788904307,6.040937172671159,0,1,0
307.2903727275994,14.82677906438276,4,4,1229.1614909103976,4.825006046488188,0,0,0
217.82402893816914,17.485161487292476,3,7,1524.7682025671838,8.027195884920374,0,1,0
370.8576754561142,38.732676559059094,9,8,2966.8614036489134,10.444081145528985,0,0,0
467.8398372368173,33.068530553520716,3,9,4210.558535131356,7.068344318182048,0,1,0
463.5285713243204,9.259778393373397,6,6,2781.1714279459225,1.9976715495482456,0,0,0
230.91129198802474,8.705466766704218,1,6,1385.4677519281486,3.7700480958530562,0,1,0
65.48664246197006,4.919782485669866,6,8,523.8931396957605,7.51265036763325,0,0,1
492.57218749154396,33.015135985066905,4,5,2462.86093745772,6.702598486771786,0,0,0
421.0600623585077,38.218633111086795,8,3,1263.180187075523,9.076765176210394,0,0,1
71.08471378960076,13.2523214162502,9,3,213.25414136880227,18.642997502212538,0,0,0
461.21252248251244,1.0472480515456406,4,6,2767.2751348950746,0.22706409745961495,0,0,0
436.24921741044284,4.108583373821367,6,2,872.4984348208857,0.9417973052673301,0,0,0
264.2306479917753,48.39300174225152,1,6,1585.3838879506518,18.314681551913633,0,1,0
299.7249635150153,14.772238873871013,4,6,1798.3497810900917,4.928598105619911,0,0,1
205.51132489636382,38.46115739190668,7,8,1644.0905991709105,18.71486031794211,0,0,0
36.83320302279535,31.23317844271319,1,7,257.83242115956745,84.7962595688015,1,1,0
174.24664840649146,19.096981982644795,8,8,1393.9731872519317,10.959741353586546,0,0,0
403.3981898130256,10.284363109777756,6,9,3630.5837083172305,2.5494321416128667,0,0,0
12.2696912722554,6.069320907970321,5,6,73.6181476335324,49.46596269862514,1,0,0
173.41459412866064,30.75064840194333,9,3,520.243782385982,17.73244550520855,0,0,0
205.1026598595622,38.7316890318894,2,3,615.3079795786866,18.884050093943074,0,1,0
273.3238454395822,32.19521267705653,5,1,273.3238454395822,11.779145220673119,0,0,0
460.72925204225265,26.515106662457917,6,5,2303.6462602112633,5.755029997536658,0,0,0
179.709537239321,2.0975611715818134,7,4,718.838148957284,1.167195243949947,0,0,0
180.00706892915156,48.42443887971919,5,9,1620.063620362364,26.901409576741912,0,0,0
371.3756115737767,39.93570958272873,9,9,3342.3805041639907,10.753455083787907,0,0,0
231.5867910360055,14.641101835048238,1,5,1157.9339551800276,6.322079842961312,0,1,0
120.05636324059117,48.99851646794253,7,4,480.22545296236467,40.812927482860886,1,0,0
231.69536290501978,30.094079481816106,7,7,1621.8675403351385,12.988641250516848,0,0,0
79.01993998610193,29.121132910362324,4,6,474.1196399166116,36.85289170744013,1,0,0
96.42962338804942,37.4036589714766,9,4,385.7184935521977,38.78855652163841,1,0,1
254.20020864234507,40.58848940450688,5,2,508.40041728469015,15.96713457525683,0,0,0
215.27347025722847,32.823930366575134,4,1,215.27347025722847,15.247550163684403,0,0,0
458.274491523369,6.404787318310001,7,4,1833.097966093476,1.3975875674466596,0,0,1
187.57301056715022,16.91337529972492,4,4,750.2920422686009,9.016955716915367,0,0,1
294.4882916362413,46.404182016302485,3,1,294.4882916362413,15.75756433590983,0,1,0
319.8095010805699,11.230780592192597,9,6,1918.8570064834194,3.5117094877563435,0,0,1
16.41628372828348,18.608351191875666,8,4,65.66513491313393,113.35300668454877,1,0,0
335.13331228818816,21.6038441472098,1,1,335.13331228818816,6.446343396812848,0,1,0
97.2376237661782,21.970249484722608,7,1,97.2376237661782,22.594391588129735,0,0,0
480.92445556003304,30.646979124726276,9,1,480.92445556003304,6.372514179807739,0,0,0
82.84473659902535,47.15379188723538,8,8,662.7578927922028,56.9182712420986,1,0,0
213.16582062624164,12.034635591625248,8,8,1705.3265650099331,5.645668501765303,0,0,0
51.82133735853549,6.075068815045903,6,2,103.64267471707097,11.723103116799974,0,0,0
498.4683834045142,9.873524492996866,4,7,3489.2786838315997,1.9807724665627107,0,0,1
256.07555506230887,44.34624501046348,8,8,2048.604440498471,17.31764088129109,0,0,1
301.73865848682146,32.2905406327603,3,8,2413.9092678945717,10.701492740337944,0,1,0
42.867473920329466,14.295339461958006,9,7,300.07231744230626,33.34775333047695,1,0,1
377.4806304955971,40.797346948430864,2,5,1887.4031524779855,10.807798772315213,0,1,1
112.85374061683703,43.0684998181718,2,1,112.85374061683703,38.16311234591569,1,1,0
450.0466018259497,42.3257169345139,7,9,4050.4194164335477,9.404740923003986,0,0,0
110.51842383618352,45.94632668197772,4,7,773.6289668532846,41.573454531058005,1,0,0
103.43698312519662,12.612051008668079,8,2,206.87396625039324,12.192980332192093,0,0,1
27.90933724556649,37.75209643731392,9,6,167.45602347339894,135.26690406563125,1,0,0
241.31280310389963,23.026974863707,7,2,482.62560620779925,9.542375940074969,0,0,0
286.77215529868204,42.099927644503076,5,1,286.77215529868204,14.68061904429135,0,0,0
42.19723331989266,36.42453385808066,8,7,295.3806332392486,86.31972049435139,1,0,0
390.00853218055516,38.82237232498623,4,2,780.0170643611103,9.954236669625818,0,0,0
232.11152902653353,32.808091884053574,2,2,464.22305805306706,14.134623998062224,0,1,0
266.95123197051424,8.871438473485343,6,5,1334.7561598525713,3.3232431287169435,0,0,0
225.9737459997318,27.251345944846918,9,5,1129.8687299986589,12.059518606590371,0,0,1
206.37389982890974,49.23348697622541,1,7,1444.6172988023682,23.856450363656194,0,1,1
284.22376234102677,46.869403324855945,7,1,284.22376234102677,16.490318381128017,0,0,0
86.06772050604913,2.1586867898505835,9,8,688.541764048393,2.5081259003471152,0,0,1
99.14478394268285,8.240740786471857,9,3,297.43435182804853,8.31182484722137,0,0,0
432.2749542966235,6.586438672728096,3,4,1729.099817186494,1.5236688147813755,0,1,0
473.59657644548,36.29899549926478,5,9,4262.36918800932,7.664539252310977,0,0,0
192.92156497707893,40.889266492847256,8,4,771.6862599083157,21.194761973709532,0,0,1
142.66488984034135,10.675568315533596,8,5,713.3244492017068,7.482968183328639,0,0,1
325.55977618711773,25.29263464759145,4,7,2278.918433309824,7.768967943095751,0,0,0
210.27974383806725,42.03515140056,1,4,841.118975352269,19.990109666925658,0,1,1
22.439314273568982,36.64007723831253,1,1,22.439314273568982,163.28519130136908,1,1,0
86.51477270943327,27.111860274592413,4,9,778.6329543848994,31.33783910598684,1,0,0
360.8263921352248,29.517384522938645,6,4,1443.3055685408992,8.180494876848305,0,0,0
332.87273153597414,25.418027345813996,8,9,2995.8545838237674,7.635959613912389,0,0,0
23.27703632670691,14.877422565941028,6,6,139.66221796024146,63.91459100345784,1,0,0
118.76635934714523,28.251099642950805,9,1,118.76635934714523,23.787122715764102,0,0,1
123.22665032815499,34.44426510250453,9,3,369.679950984465,27.951960887339528,0,0,0
339.22744436337695,43.666145793040386,2,2,678.4548887267539,12.872232632883811,0,1,0
19.658163499638434,31.814567698962403,1,9,176.9234714967459,161.83896170945752,1,1,0
61.01320517244118,38.0560768521579,2,1,61.01320517244118,62.37350872585743,1,1,0
401.9588818328628,8.00358174772865,5,9,3617.6299364957654,1.9911443954749066,0,0,1
97.48688440662347,23.077873720989494,4,9,877.3819596596113,23.672798511777582,0,0,0
329.84559284741863,0.4665809913546648,4,8,2638.764742779349,0.14145436576152703,0,0,0
126.709562712896,12.333943226081152,9,8,1013.676501703168,9.734027142077613,0,0,1
58.726282452079126,36.32308575565024,8,1,58.726282452079126,61.851498577813125,1,0,0
129.1543735897325,49.59049756746817,6,8,1033.23498871786,38.3962975384757,1,0,0
363.910796609273,4.9589049793607956,1,3,1091.7323898278191,1.3626704746232403,0,1,0
429.29126937208,20.074715793064414,2,7,3005.03888560456,4.676245995504986,0,1,0
416.8077336378259,40.00354843495798,6,1,416.8077336378259,9.59760225315733,0,0,0
204.61992951304288,10.201781731444942,2,1,204.61992951304288,4.985722434624659,0,1,0
337.36171691961664,27.75424746511431,5,5,1686.8085845980831,8.226851498899423,0,0,1
110.44230475375228,36.65356480148374,5,5,552.2115237687614,33.187975281037794,1,0,1
153.6423878278965,30.79927251300895,6,8,1229.139102623172,20.046077744840147,0,0,0
449.20455107534866,9.401236730770806,6,7,3144.4318575274406,2.092863197459872,0,0,0
16.370942520260655,17.769228434286973,6,8,130.96754016208524,108.54126701804616,1,0,1
51.89918011868936,39.18958922426986,2,6,311.3950807121362,75.51099869910533,1,1,0
111.8642650215534,27.71132570660083,3,6,671.1855901293204,24.772277099627452,0,1,0
23.00077989817166,0.26148067714563683,6,2,46.00155979634332,1.1368339608624403,0,0,0
98.90336319400069,38.04953800140469,8,6,593.4201791640041,38.471429861055235,1,0,1
295.69036487514916,1.7655677470119535,1,5,1478.4518243757457,0.597100195590559,0,1,0
216.49802979032398,37.286689136561606,1,3,649.494089370972,17.222645939398785,0,1,0
447.40913842771766,10.12402800826187,2,6,2684.454830566306,2.2628120748359466,0,1,0
410.547345251836,47.90367400596901,6,8,3284.378762014688,11.66824595506376,0,0,1
177.49050233195922,18.397037565104224,9,9,1597.414520987633,10.365082820429668,0,0,0
137.11748238133333,16.346580816903955,4,1,137.11748238133333,11.921587629098212,0,0,1
196.0492800019608,7.444402516622234,3,3,588.1478400058824,3.797209822218056,0,1,0
299.24452183225577,15.280210774510744,8,3,897.7335654967674,5.106262490939168,0,0,0
141.35118400320937,43.83253809141003,9,8,1130.809472025675,31.00967169147647,1,0,0
315.83296484607564,49.81671688136237,5,1,315.83296484607564,15.773121373078029,0,0,0
210.6117095737078,18.415476525342417,9,5,1053.0585478685389,8.74380468332771,0,0,1
280.5031186174703,22.430531547727128,2,3,841.5093558524109,7.996535531683785,0,1,0
223.70199927630517,36.10354691013685,3,2,447.40399855261035,16.139125723925073,0,1,0
154.28822217553966,44.30978902325373,7,8,1234.3057774043173,28.718840880051605,0,0,0
474.74212041145677,29.652216709339207,7,3,1424.2263612343704,6.24596289952949,0,0,0
384.1668391382828,19.576284908891466,6,7,2689.1678739679796,5.095776864240197,0,0,0
78.65545612556174,20.631092042431188,6,1,78.65545612556174,26.229702373725626,0,0,0
435.5493081899773,34.78090732484034,2,6,2613.295849139864,7.985526935946746,0,1,1
248.84128714226168,0.16091318021393408,6,3,746.5238614267851,0.06466498468236125,0,0,0
448.3305911781048,30.979466872992035,4,8,3586.6447294248383,6.909960525242201,0,0,0
401.92907541418447,17.77465052206787,3,6,2411.574452485107,4.422335085798719,0,1,0
218.3546171899244,39.70986656385421,2,2,436.7092343798488,18.185952316874825,0,1,0
21.009961076857525,4.649531991156608,1,6,126.05976646114516,22.1301313893345,0,1,0
141.65190609862358,29.410113347419525,5,7,991.5633426903651,20.762243274681428,0,0,1
275.4007651838248,24.04864449430619,2,5,1377.0038259191238,8.732235902922845,0,1,0
320.40432771481215,32.11627629526137,2,3,961.2129831444365,10.023671192059448,0,1,0
136.36496586226912,3.2426797241484175,7,4,545.4598634490765,2.37794194692468,0,0,0
78.28447629568383,28.999189371406565,8,4,313.1379051827353,37.04334593984557,1,0,1
419.11581603165655,28.074229397976186,8,6,2514.6948961899393,6.69844189221809,0,0,0
492.3570685447405,28.033004720808545,4,1,492.3570685447405,5.693633038247157,0,0,0
267.58818932831605,30.17438332982274,1,4,1070.3527573132642,11.276425691868045,0,1,0
94.12285006566871,33.82339686131811,7,4,376.49140026267486,35.935372587761435,1,0,0
143.4305899944908,40.249449984038485,1,1,143.4305899944908,28.061970591897083,0,1,0
19.0114315082587,13.491036006410717,4,9,171.1028835743283,70.96275733129363,1,0,0
458.0064152146445,41.2524705090031,8,4,1832.025660858578,9.006963470079377,0,0,0
67.69803061616915,24.91278411317268,2,7,473.88621431318404,36.79986535268938,1,1,0
292.49307300198427,3.8529139567165585,6,3,877.4792190059528,1.3172667363272634,0,0,1
144.28705813673093,2.92754646219896,6,3,432.8611744101928,2.028973700069985,0,0,0
281.54722123273876,16.71191593480304,9,8,2252.37776986191,5.935741742230967,0,0,0
329.19599029241346,39.24484885557338,5,8,2633.5679223393076,11.921423715007444,0,0,0
416.5734838165288,35.384046737045786,4,1,416.5734838165288,8.494070821039095,0,0,0
111.14642316269557,39.43074823362032,5,2,222.29284632539114,35.47639871046663,1,0,0
15.387956042655434,25.86345282208047,5,8,123.10364834124347,168.07594686641255,1,0,0
77.07395873371556,22.00994989777453,8,1,77.07395873371556,28.556921506805132,0,0,0
451.0091345055715,7.372626335314197,8,8,3608.073076044572,1.6346955685047484,0,0,0
438.20613800563245,16.40963768046558,2,8,3505.6491040450596,3.744730221066565,0,1,1
302.73242006345106,21.700968308693763,7,2,605.4648401269021,7.168366144645281,0,0,0
304.2532616124902,4.430021483980862,8,4,1217.0130464499607,1.456030893638578,0,0,1
335.8679705276652,11.030597635560563,6,6,2015.2078231659912,3.284206475011877,0,0,0
95.9319265254903,29.91126470318694,5,9,863.3873387294127,31.179676867261858,1,0,0
458.0618535032303,36.783155711959495,9,8,3664.4948280258423,8.030172220333142,0,0,0
215.19755719711583,49.91737556964748,3,8,1721.5804575769266,23.19606979735572,0,1,0
197.73787884225376,46.65566656717788,4,7,1384.1651518957763,23.594703675565185,0,0,0
264.2696755885904,32.12825997675958,9,9,2378.4270802973138,12.157376704384424,0,0,0
33.01332371977698,21.0624026647036,6,2,66.02664743955395,63.79970354843717,1,0,1
91.47885069047891,31.808868235411637,8,3,274.4365520714367,34.77182758126004,1,0,1
371.6364720489215,39.282580904011596,7,8,2973.091776391372,10.570163011029905,0,0,0
50.57134728331197,5.916809546169366,2,6,303.4280836998718,11.699924688622747,0,1,0
305.5445336385302,20.495244484814414,3,9,2749.9008027467717,6.707776519759637,0,1,0
130.22106374384725,41.99011428178086,1,4,520.884254975389,32.245255164232084,1,1,0
200.7548508805685,19.1916475966522,9,8,1606.038807044548,9.559742896608531,0,0,0
151.45993101764293,28.593613561359327,7,3,454.3797930529288,18.878665379841337,0,0,1
184.27963106782508,29.38846804310991,1,3,552.8388932034752,15.947757151897775,0,1,0
362.33249354028027,9.223812656681968,3,8,2898.659948322242,2.545676366631623,0,1,0
155.58964065535577,18.11177208261442,4,5,777.9482032767788,11.64073135353113,0,0,0
287.5382737454796,16.725564437096608,4,3,862.6148212364388,5.8168132607979635,0,0,0
243.26469707755882,1.3098354266032397,5,1,243.26469707755882,0.5384404076460103,0,0,0
335.1988710276976,1.2095881945677622,3,3,1005.5966130830927,0.36085688202327315,0,1,0
469.0465722691314,41.584852183788676,3,9,4221.419150422183,8.8658258352921,0,1,0
368.96032763302264,13.65354049864062,1,5,1844.8016381651132,3.70054433392112,0,1,0
115.32078550947081,25.90393831194077,7,2,230.64157101894162,22.46250595458647,0,0,0
25.279736180029488,14.936278679438653,1,7,176.95815326020642,59.08399744787697,1,1,1
138.5093817069143,47.03396225576702,2,2,277.0187634138286,33.957239340863445,1,1,0
301.5881860431249,12.964837943288687,4,4,1206.3527441724996,4.298854710918554,0,0,0
35.19864860728267,21.482840636946754,4,7,246.3905402509787,61.03314043852783,1,0,0
253.21946112860581,43.63651252423009,5,4,1012.8778445144233,17.23268516951304,0,0,0
302.4529959692757,42.09667833959043,2,7,2117.17097178493,13.918420019177713,0,1,0
173.7795065003108,9.305070892313866,4,7,1216.4565455021755,5.354527170496496,0,0,1
387.74697983545275,40.13216548978552,1,1,387.74697983545275,10.35009105855997,0,1,0
62.233144035548186,22.909344336894634,2,6,373.39886421328913,36.812127511681865,1,1,0
46.817513050546296,24.14844360426776,1,9,421.35761745491664,51.579936717689414,1,1,0
366.81249053976563,6.673998620797189,4,2,733.6249810795313,1.8194578409738396,0,0,0
252.79074494103725,4.0300756878562325,4,3,758.3722348231117,1.5942338746603386,0,0,1
347.31717424959066,36.39696534868826,7,5,1736.5858712479533,10.479460287942025,0,0,1
223.06539591583567,24.823057617764988,9,9,2007.588563242521,11.128152583169342,0,0,0
130.73699628716236,21.84253513075898,9,4,522.9479851486494,16.707233415996566,0,0,0
411.36013566035786,36.475411432619836,5,1,411.36013566035786,8.867026303865282,0,0,0
401.7137806947998,38.275644949555485,1,4,1606.8551227791993,9.528088601629335,0,1,1
350.40127071866914,7.945408383467678,1,6,2102.407624312015,2.2675170004868224,0,1,0
143.3511172426817,30.511257473882065,6,5,716.7555862134086,21.28428299741048,0,0,1
299.2130267658527,6.767704113884276,2,1,299.2130267658527,2.261834715899686,0,1,0
186.87720950061313,37.56875430145229,8,4,747.5088380024525,20.10344354019746,0,0,0
54.875215930050736,32.84775781335698,9,6,329.25129558030443,59.859004209164134,1,0,0
459.48365197649895,47.8307310541729,4,4,1837.9346079059958,10.409669821423654,0,0,1
77.04112915029108,3.447900817821059,5,9,693.3701623526198,4.47540275674689,0,0,1
475.6163033721932,2.8527360575627156,8,5,2378.081516860966,0.5997977860170847,0,0,0
228.54282874939832,14.109353734660008,3,8,1828.3426299951866,6.173614727649665,0,1,0
